Protein.Group	Protein.Names	Genes	First.Protein.Description	20260211_008_C41079_S1100213_Beads2_Group_2.mzML	20260211_007_C41079_S1100211_NosH3_Group_1.mzML	20260211_005_C41079_S1100214_Beads3_Group_2.mzML	20260211_004_C41079_S1100210_NosH2_Group_1.mzML	20260211_003_C41079_S1100209_NosH1_Group_1.mzML	20260211_002_C41079_S1100212_Beads1_Group_2.mzML
A0A068TKG0;A0A068TVJ6;A0A068UD85	A0A068TKG0_COFCA;A0A068TVJ6_COFCA;A0A068UD85_COFCA	GSCOC_T00013860001;GSCOC_T00023316001;GSCOC_T00026515001	pyruvate decarboxylase	25839.2		88048.8			28927.2
A0A068TKH0	A0A068TKH0_COFCA	GSCOC_T00013882001	Uncharacterized protein	82916.3		83535.2	58540.4	35663.1	77511.8
A0A068TKV4	A0A068TKV4_COFCA	GSCOC_T00014147001	Triosephosphate isomerase		136760		313124	117710	
A0A068TKY5	A0A068TKY5_COFCA	GSCOC_T00014191001	NAD-dependent epimerase/dehydratase domain-containing protein	52335.7	14770.9	97717.9	67801.8	30755.7	85104.6
A0A068TLP5	A0A068TLP5_COFCA	GSCOC_T00014494001	Glycosyltransferase	79078.4		10336.5	40671.2	113521	64328.5
A0A068TM60	A0A068TM60_COFCA	GSCOC_T00014761001	3-methyl-2-oxobutanoate hydroxymethyltransferase	222142	56827.1	255903			228672
A0A068TMZ6	A0A068TMZ6_COFCA	GSCOC_T00014651001	Proline iminopeptidase	91253.7		199950			170591
A0A068TNC2	A0A068TNC2_COFCA	GSCOC_T00015094001	Anaphase-promoting complex subunit 4 WD40 domain-containing protein	251953	174909	243285	135467	153410	241774
A0A068TNF0;A0A068U3L8	A0A068TNF0_COFCA;A0A068U3L8_COFCA	GSCOC_T00021791001;GSCOC_T00041592001	30S ribosomal protein S3, chloroplastic	84767.9		212029	129238	149516	659357
A0A068TNI7	A0A068TNI7_COFCA	GSCOC_T00021842001	Glyoxylate/succinic semialdehyde reductase 2, chloroplastic	129732	157387	164032	165779	156062	135480
A0A068TNJ2	A0A068TNJ2_COFCA	GSCOC_T00014959001	Ferredoxin	234831	417070		608570	234326	
A0A068TNQ6;A0A068TVH6;A0A068UAS5;A0A068UJF7;A0A068UKD5;A0A068VL07	A0A068TNQ6_COFCA;A0A068TVH6_COFCA;A0A068UAS5_COFCA;A0A068UJF7_COFCA;A0A068UKD5_COFCA;A0A068VL07_COFCA	GSCOC_T00004241001;GSCOC_T00015028001;GSCOC_T00020403001;GSCOC_T00027164001;GSCOC_T00028168001;GSCOC_T00029825001	Ras-related protein RABD1	111997	94929.3	198167	162102	140538	129654
A0A068TNV7;A0A068VNG8	A0A068TNV7_COFCA;A0A068VNG8_COFCA	GSCOC_T00012667001;GSCOC_T00014270001	RRM domain-containing protein	124480					
A0A068TNZ0	A0A068TNZ0_COFCA	GSCOC_T00015118001	transketolase	96873.2	112813	94357.9	131767	99925.2	98557.2
A0A068TP03	A0A068TP03_COFCA	GSCOC_T00015065001	2-C-methyl-D-erythritol 4-phosphate cytidylyltransferase, chloroplastic		225929		269436	177945	
A0A068TP04	A0A068TP04_COFCA	GSCOC_T00014329001	NAD(P)-binding domain-containing protein	201980	137489	173665	162638	141427	172622
A0A068TP42	A0A068TP42_COFCA	GSCOC_T00021691001	Pectinesterase	209708	157868	181344	187664	127874	179567
A0A068TP42;A0A068TS90;A0A068UBZ9	A0A068TP42_COFCA;A0A068TS90_COFCA;A0A068UBZ9_COFCA	GSCOC_T00021077001;GSCOC_T00021691001;GSCOC_T00025767001	Pectinesterase	502399		513885		175199	543350
A0A068TP62	A0A068TP62_COFCA	GSCOC_T00022020001	Translation machinery associated TMA7	1.22686e+06	742725	965426	836381	777459	1.17329e+06
A0A068TPF9	A0A068TPF9_COFCA	GSCOC_T00014497001	S-methyl-5-thioribose kinase	114433	242363	85008.8	161678	186676	83531
A0A068TPP9;A0A068UWY2	A0A068TPP9_COFCA;A0A068UWY2_COFCA	GSCOC_T00021865001;GSCOC_T00037376001	RNA helicase						157805
A0A068TPP9;A0A068UWY2;A0A068V0I4;A0A068V9Y8	A0A068TPP9_COFCA;A0A068UWY2_COFCA;A0A068V0I4_COFCA;A0A068V9Y8_COFCA	GSCOC_T00009700001;GSCOC_T00021865001;GSCOC_T00037376001;GSCOC_T00040583001	RNA helicase	35261.9			842213	1.50128e+06	859408
A0A068TQ33	A0A068TQ33_COFCA	GSCOC_T00022007001	Ras-related protein Rab7	252769			846033	1.07847e+06	436526
A0A068TQ64	A0A068TQ64_COFCA	GSCOC_T00022157001	MBD domain-containing protein	125824	229376	118399	619808		121326
A0A068TQE1	A0A068TQE1_COFCA	GSCOC_T00022681001	Translation elongation factor EF1B beta/delta subunit guanine nucleotide exchange domain-containing protein	13008.6			28949.2		13611.1
A0A068TQL5	A0A068TQL5_COFCA	GSCOC_T00022197001	CobW/HypB/UreG nucleotide-binding domain-containing protein	925507	681343	833266	848267	712498	940396
A0A068TQN3	A0A068TQN3_COFCA	GSCOC_T00022789001	NADP-dependent oxidoreductase domain-containing protein	61191.8	249147	62503.9	269982	235540	64163.5
A0A068TQY9;A0A068TS68	A0A068TQY9_COFCA;A0A068TS68_COFCA	GSCOC_T00022824001;GSCOC_T00026124001	Small ribosomal subunit protein eS1	41598.1	33070.2	174126			39046.2
A0A068TR05	A0A068TR05_COFCA	GSCOC_T00021698001	Proteasome subunit alpha type	156524		261093	36280.4	119311	116143
A0A068TR24	A0A068TR24_COFCA	GSCOC_T00025650001	Galactokinase N-terminal domain-containing protein	47866.1	44066.2	35975.2	42829.2	42232.5	61886.8
A0A068TR97	A0A068TR97_COFCA	GSCOC_T00021832001	Uncharacterized protein	56025.1		82216.7			34081.6
A0A068TRC3	A0A068TRC3_COFCA	GSCOC_T00025805001	TCTP domain-containing protein	619609			68381.7	57472.9	
A0A068TRC3;A0A068V9P5	A0A068TRC3_COFCA;A0A068V9P5_COFCA	GSCOC_T00000655001;GSCOC_T00025805001	TCTP domain-containing protein	398878	2.07432e+06	362671	1.98127e+06	2.041e+06	391082
A0A068TRG8	A0A068TRG8_COFCA	GSCOC_T00025870001	CASP-like protein	19392.6	22219.2		27564.8	27080.1	15222.3
A0A068TRR7;A0A068UMJ8	A0A068TRR7_COFCA;A0A068UMJ8_COFCA	GSCOC_T00022802001;GSCOC_T00030078001	EF-hand domain-containing protein	242841	539199	414641	943489	451757	466306
A0A068TRU3	A0A068TRU3_COFCA	GSCOC_T00025975001	Dienelactone hydrolase domain-containing protein	298126	2.25615e+06	306706	2.44051e+06	2.0899e+06	323751
A0A068TRX2;A0A068U503;A0A068U5X3;A0A068U7I1;A0A068U7Z2;A0A068UBG6;A0A068V591	A0A068TRX2_COFCA;A0A068U503_COFCA;A0A068U5X3_COFCA;A0A068U7I1_COFCA;A0A068U7Z2_COFCA;A0A068UBG6_COFCA;A0A068V591_COFCA	GSCOC_T00015982001;GSCOC_T00015983001;GSCOC_T00016130001;GSCOC_T00016696001;GSCOC_T00021102001;GSCOC_T00022094001;GSCOC_T00041970001	Histone H2A	4.01404e+06	4.86197e+06	3.68907e+06	3.69135e+06	6.43733e+06	2.59596e+06
A0A068TRX2;A0A068U503;A0A068U7Z2	A0A068TRX2_COFCA;A0A068U503_COFCA;A0A068U7Z2_COFCA	GSCOC_T00016130001;GSCOC_T00022094001;GSCOC_T00041970001	Histone H2A	989387	1.23188e+06	1.03024e+06	1.14953e+06	2.32011e+06	4.0567e+06
A0A068TRZ8	A0A068TRZ8_COFCA	GSCOC_T00022121001	Uncharacterized protein	235341	215394	185064	236778	193344	229652
A0A068TS20	A0A068TS20_COFCA	GSCOC_T00025624001	Dihydrolipoyl dehydrogenase	1.4804e+06	1.35536e+06	1.38473e+06	1.28668e+06	1.21198e+06	1.544e+06
A0A068TS33	A0A068TS33_COFCA	GSCOC_T00025649001	GHMP kinase C-terminal domain-containing protein	55887.3		9546.43		7800.14	85755.9
A0A068TS96	A0A068TS96_COFCA	GSCOC_T00022196001	CobW C-terminal domain-containing protein	569525	308783	491430	508202	531665	1.03658e+06
A0A068TSG8	A0A068TSG8_COFCA	GSCOC_T00025887001	Acyl carrier protein	158794	1.94437e+06	185293	1.98739e+06	1.81731e+06	163593
A0A068TSH0	A0A068TSH0_COFCA	GSCOC_T00026002001	DUF3700 domain-containing protein	156237					186382
A0A068TSH0;A0A068V9H4	A0A068TSH0_COFCA;A0A068V9H4_COFCA	GSCOC_T00010663001;GSCOC_T00026002001	DUF3700 domain-containing protein	115803	115457	116205	99010	114654	142047
A0A068TSJ9	A0A068TSJ9_COFCA	GSCOC_T00025940001	Pyruvate, phosphate dikinase, chloroplastic	44194.5	83809.1	15982.2			52044.3
A0A068TSL4	A0A068TSL4_COFCA	GSCOC_T00026268001	Fe2OG dioxygenase domain-containing protein	247261	266954	253051	316030	259436	290240
A0A068TSM4	A0A068TSM4_COFCA	GSCOC_T00026061001	Amine oxidase	1.54101e+07	1.01981e+07	1.47032e+07	8.87784e+06	8.2571e+06	1.35675e+07
A0A068TSM4;A0A068TUM3	A0A068TSM4_COFCA;A0A068TUM3_COFCA	GSCOC_T00026061001;GSCOC_T00026062001	Amine oxidase	4.36727e+06	3.02989e+06	3.67531e+06	3.41133e+06	3.02229e+06	4.88514e+06
A0A068TTF5	A0A068TTF5_COFCA	GSCOC_T00022781001	D-cysteine desulfhydrase	342096		339170			345845
A0A068TTH4	A0A068TTH4_COFCA	GSCOC_T00026310001	Malate dehydrogenase	318651	2.3192e+06	315180	1.80014e+06	1.66663e+06	339366
A0A068TTH4;A0A068UM00	A0A068TTH4_COFCA;A0A068UM00_COFCA	GSCOC_T00026310001;GSCOC_T00028876001	Malate dehydrogenase	438632	1.48105e+06	290718	1.55471e+06	1.74143e+06	288254
A0A068TTJ3	A0A068TTJ3_COFCA	GSCOC_T00029211001	AB hydrolase-1 domain-containing protein			54558.3			164585
A0A068TTN6	A0A068TTN6_COFCA	GSCOC_T00029262001	Aspergillus nuclease S1	251589	372405	215554	457221	403102	246188
A0A068TTQ9	A0A068TTQ9_COFCA	GSCOC_T00026616001	Low-temperature-induced 65 kDa protein	228039	143976	211923	193576	178489	276898
A0A068TTV8	A0A068TTV8_COFCA	GSCOC_T00029373001	16 kDa subunit of oxygen evolving system of photosystem II	961590	2.45837e+06	981591	2.58399e+06	2.25655e+06	932112
A0A068TU09	A0A068TU09_COFCA	GSCOC_T00029374001	Thioredoxin domain-containing protein		63619.3		144118	61026.5	
A0A068TU74;A0A068TUX2;A0A068VGG1	A0A068TU74_COFCA;A0A068TUX2_COFCA;A0A068VGG1_COFCA	GSCOC_T00007148001;GSCOC_T00029533001;GSCOC_T00029536001	Nucleoside phosphorylase domain-containing protein	527723	503946	458643	623859	524819	507013
A0A068TU76	A0A068TU76_COFCA	GSCOC_T00029130001	Uncharacterized protein	325156	189976	307718	231156	155694	462800
A0A068TUJ4	A0A068TUJ4_COFCA	GSCOC_T00029276001	Eukaryotic translation initiation factor 3 subunit J	586142	448692	688783	446000	421458	674058
A0A068TUP2	A0A068TUP2_COFCA	GSCOC_T00026083001	Cysteine synthase		123465		133879	110962	
A0A068TUT7	A0A068TUT7_COFCA	GSCOC_T00029483001	Carboxypeptidase	629058	1.36758e+06	561140	2.05634e+06	2.16388e+06	1.2189e+06
A0A068TV19	A0A068TV19_COFCA	GSCOC_T00029890001	Triosephosphate isomerase, cytosolic	85405.1			575677	351027	83212.3
A0A068TV19;A0A068ULE2;A0A068TLY0	A0A068TLY0_COFCA;A0A068TV19_COFCA;A0A068ULE2_COFCA	GSCOC_T00014146001;GSCOC_T00028243001;GSCOC_T00029890001	Triosephosphate isomerase	175307	317324	574541	680164	245222	409494
A0A068TV90	A0A068TV90_COFCA	GSCOC_T00032018001	Enoyl reductase (ER) domain-containing protein	465263	750319		1.52611e+06	812787	
A0A068TVC2	A0A068TVC2_COFCA	GSCOC_T00016269001	60S ribosomal protein L23		26623.8	52350.8	133991	113578	230098
A0A068TVD8	A0A068TVD8_COFCA	GSCOC_T00032046001	spermidine synthase	14899.7	41303.1	20443.8	41872.6	42854.9	12655.4
A0A068TVH6;A0A068UAS5;A0A068UJF7;A0A068UKD5;A0A068VL07	A0A068TVH6_COFCA;A0A068UAS5_COFCA;A0A068UJF7_COFCA;A0A068UKD5_COFCA;A0A068VL07_COFCA	GSCOC_T00004241001;GSCOC_T00020403001;GSCOC_T00027164001;GSCOC_T00028168001;GSCOC_T00029825001	Uncharacterized protein	78453.4	93854.1	202085	74700.6	84511.3	68354.3
A0A068TVU0	A0A068TVU0_COFCA	GSCOC_T00029951001	Mitochondrial glycoprotein	399586	255779	393396	313694	166207	425458
A0A068TW68	A0A068TW68_COFCA	GSCOC_T00032523001	Uncharacterized protein	533459	579079	520393			478374
A0A068TWH4	A0A068TWH4_COFCA	GSCOC_T00032657001	cysteine--tRNA ligase	224883	176133	219965	258779	205853	226240
A0A068TWH4;A0A068UZ65	A0A068TWH4_COFCA;A0A068UZ65_COFCA	GSCOC_T00032657001;GSCOC_T00038528001	cysteine--tRNA ligase				259593	1.30259e+06	1.62708e+06
A0A068TWQ2	A0A068TWQ2_COFCA	GSCOC_T00032315001	Eukaryotic translation initiation factor 5A	2.01652e+06	1.74313e+06	1.90148e+06	1.92592e+06	1.92568e+06	2.18e+06
A0A068TWQ2;A0A068UPM0	A0A068TWQ2_COFCA;A0A068UPM0_COFCA	GSCOC_T00030887001;GSCOC_T00032315001	Eukaryotic translation initiation factor 5A	529967	568826	557660	587945	544957	547317
A0A068TX69;A0A068V172;A0A068V999	A0A068TX69_COFCA;A0A068V172_COFCA;A0A068V999_COFCA	GSCOC_T00018516001;GSCOC_T00034335001;GSCOC_T00040607001	Small ribosomal subunit protein uS7 domain-containing protein	117569		122772	1.25588e+06	1.19347e+06	111242
A0A068TXC1	A0A068TXC1_COFCA	GSCOC_T00034422001	Phosphoglycerate mutase-like protein 1						145900
A0A068TXH8	A0A068TXH8_COFCA	GSCOC_T00032623001	Large ribosomal subunit protein uL15/eL18 domain-containing protein	393881	1.96592e+06		1.51758e+06	1.66739e+06	714469
A0A068TXJ0	A0A068TXJ0_COFCA	GSCOC_T00029858001	Uncharacterized protein		224670		297232	348614	
A0A068TXJ0;A0A068UKG5	A0A068TXJ0_COFCA;A0A068UKG5_COFCA	GSCOC_T00028216001;GSCOC_T00029858001	Uncharacterized protein		242442	130561	927785	330153	
A0A068TXJ0;A0A068UKG5;A0A068UKG2	A0A068TXJ0_COFCA;A0A068UKG2_COFCA;A0A068UKG5_COFCA	GSCOC_T00028209001;GSCOC_T00028216001;GSCOC_T00029858001	Uncharacterized protein	204582	780539	160784	885500	775691	153539
A0A068TXJ0;A0A068UKG5;A0A068UKG2;A0A068TVU9	A0A068TVU9_COFCA;A0A068TXJ0_COFCA;A0A068UKG2_COFCA;A0A068UKG5_COFCA	GSCOC_T00028209001;GSCOC_T00028216001;GSCOC_T00029858001;GSCOC_T00029868001	Uncharacterized protein	604983	703871	1.09117e+06	1.1524e+06	744344	783572
A0A068TXJ0;A0A068UKG5;A0A068UKG2;A0A068U8Z8	A0A068TXJ0_COFCA;A0A068U8Z8_COFCA;A0A068UKG2_COFCA;A0A068UKG5_COFCA	GSCOC_T00019945001;GSCOC_T00028209001;GSCOC_T00028216001;GSCOC_T00029858001	Uncharacterized protein	1.86541e+06	3.81818e+06	1.92444e+06	5.46353e+06	4.90826e+06	2.10901e+06
A0A068TXJ8	A0A068TXJ8_COFCA	GSCOC_T00032828001	nicotinate-nucleotide diphosphorylase (carboxylating)	23254.5			25594.6		55518
A0A068TXK9	A0A068TXK9_COFCA	GSCOC_T00029878001	Actin	7021.47	28533.7		25188.3	20780.4	
A0A068TXM4	A0A068TXM4_COFCA	GSCOC_T00032885001	Bet v I/Major latex protein domain-containing protein	118794			130957		75130.4
A0A068TXV8;A0A068UBQ0;A0A068VBM4	A0A068TXV8_COFCA;A0A068UBQ0_COFCA;A0A068VBM4_COFCA	GSCOC_T00004995001;GSCOC_T00020755001;GSCOC_T00032800001	Uncharacterized protein				27036.1		
A0A068TXW8	A0A068TXW8_COFCA	GSCOC_T00032819001	Plastocyanin-like domain-containing protein	171943	231180	165920	241167	285862	202443
A0A068TXW8;A0A068TQZ6	A0A068TQZ6_COFCA;A0A068TXW8_COFCA	GSCOC_T00022445001;GSCOC_T00032819001	Plastocyanin-like domain-containing protein	342790	234033	340948	60784.2	116904	400311
A0A068TY01	A0A068TY01_COFCA	GSCOC_T00032887001	Bet v I/Major latex protein domain-containing protein	1.11922e+06	754476	1.2543e+06	936421	778146	1.23607e+06
A0A068TY12	A0A068TY12_COFCA	GSCOC_T00032908001	phosphoglucomutase (alpha-D-glucose-1,6-bisphosphate-dependent)	853743	1.45516e+06	828888	1.25005e+06	1.20337e+06	897496
A0A068TY12;A0A068V6X8	A0A068TY12_COFCA;A0A068V6X8_COFCA	GSCOC_T00018063001;GSCOC_T00032908001	phosphoglucomutase (alpha-D-glucose-1,6-bisphosphate-dependent)	110757	100508	105359	127035	117058	110075
A0A068TYG8	A0A068TYG8_COFCA	GSCOC_T00034451001	Tubulin alpha chain	1.64942e+06	1.32411e+06	2.33666e+06	3.61785e+06	4.57066e+06	1.10447e+07
A0A068TYV2	A0A068TYV2_COFCA	GSCOC_T00036503001	Asparagine synthetase [glutamine-hydrolyzing]	27867.6		21916.9	32768.9		29760
A0A068TYV2;A0A068TPQ8;A0A068UL30	A0A068TPQ8_COFCA;A0A068TYV2_COFCA;A0A068UL30_COFCA	GSCOC_T00022213001;GSCOC_T00028440001;GSCOC_T00036503001	Uncharacterized protein	204373	414616				391527
A0A068TYV4	A0A068TYV4_COFCA	GSCOC_T00034619001	Thylakoid lumenal 29 kDa protein, chloroplastic	850299	1.14487e+07	804355	1.12796e+07	1.03988e+07	778551
A0A068TYX8;A0A068USU6	A0A068TYX8_COFCA;A0A068USU6_COFCA	GSCOC_T00024694001;GSCOC_T00025071001	Histone H3	3.93258e+07	3.9631e+07	3.08083e+07	4.35248e+07	3.55191e+07	3.09019e+07
A0A068TZ12	A0A068TZ12_COFCA	GSCOC_T00036581001	14-3-3 domain-containing protein	410081	578250	506620	771920	638902	419111
A0A068TZ47	A0A068TZ47_COFCA	PFK	ATP-dependent 6-phosphofructokinase	334935	150873	230265	224965	229007	780244
A0A068TZ52	A0A068TZ52_COFCA	GSCOC_T00036633001	Cyanobacterial aminoacyl-tRNA synthetase CAAD domain-containing protein	56154.7	49673.2		218942	34130.2	12794.9
A0A068TZ70;A0A068TZB4	A0A068TZ70_COFCA;A0A068TZB4_COFCA	GSCOC_T00036701001;GSCOC_T00036702001	Enoyl reductase (ER) domain-containing protein	71800.9	131139	86299.6	86868	84963.3	56360.6
A0A068TZE0	A0A068TZE0_COFCA	GSCOC_T00034889001	Actinidain	594032	1.84852e+06	277204	2.14805e+06	1.55089e+06	139166
A0A068TZX4	A0A068TZX4_COFCA	GSCOC_T00036950001	HMG box domain-containing protein	1.16933e+06	1.15192e+06	1.19015e+06	1.22473e+06	1.11005e+06	1.331e+06
A0A068U025	A0A068U025_COFCA	GSCOC_T00037056001	26S proteasome non-ATPase regulatory subunit 4 homolog		538200		616331	498725	130168
A0A068U061	A0A068U061_COFCA	GSCOC_T00037102001	H15 domain-containing protein	595545	505040	616121	593561	592144	658659
A0A068U0H0	A0A068U0H0_COFCA	GSCOC_T00034618001	Uncharacterized protein		778108		1.11637e+06	522685	
A0A068U0N7	A0A068U0N7_COFCA	GSCOC_T00037068001	Ferredoxin--NADP reductase, chloroplastic	1.13042e+06	965278	1.10735e+06	1.53457e+06	1.29939e+06	1.29161e+06
A0A068U175	A0A068U175_COFCA	GSCOC_T00037115001	Fructose-bisphosphate aldolase	545375	2.42902e+06	588967	2.13304e+06	1.90901e+06	548466
A0A068U175;A0A068TL79	A0A068TL79_COFCA;A0A068U175_COFCA	GSCOC_T00014197001;GSCOC_T00037115001	Fructose-bisphosphate aldolase	1.15983e+06	3.76438e+06	1.14418e+06	4.27898e+06	3.90905e+06	1.22401e+06
A0A068U175;A0A068TWW6;A0A068TL79	A0A068TL79_COFCA;A0A068TWW6_COFCA;A0A068U175_COFCA	GSCOC_T00014197001;GSCOC_T00032750001;GSCOC_T00037115001	Fructose-bisphosphate aldolase	835899	3.11343e+06	799824	2.88445e+06	2.8638e+06	787540
A0A068U1F1	A0A068U1F1_COFCA	GSCOC_T00039411001	Formate dehydrogenase, mitochondrial	103243	82749.4	137525	98201.9	94924.2	378842
A0A068U1F1;A0A068USH3	A0A068U1F1_COFCA;A0A068USH3_COFCA	GSCOC_T00033352001;GSCOC_T00039411001	Formate dehydrogenase, mitochondrial	2.52221e+06	1.69678e+06	2.59624e+06	1.53955e+06	1.56381e+06	2.75188e+06
A0A068U1F3	A0A068U1F3_COFCA	GSCOC_T00037207001	glucose-6-phosphate 1-epimerase	1.44336e+06	1.23772e+06	1.68315e+06	1.24292e+06	1.16167e+06	1.86809e+06
A0A068U1I2	A0A068U1I2_COFCA	GSCOC_T00037240001	Succinate dehydrogenase [ubiquinone] flavoprotein subunit, mitochondrial	284518	308129	385629	271702	291886	339477
A0A068U1L2	A0A068U1L2_COFCA	GSCOC_T00039805001	Oxygen-evolving enhancer protein 1, chloroplastic	677191	1.61454e+06	453954	2.65617e+06	1.54608e+06	436806
A0A068U1L6	A0A068U1L6_COFCA	GSCOC_T00036577001	40S ribosomal protein S6	122137	284840				94984.1
A0A068U1L6;A0A068UXL2	A0A068U1L6_COFCA;A0A068UXL2_COFCA	GSCOC_T00035876001;GSCOC_T00036577001	40S ribosomal protein S6		17983.2	14283	16128.1	23551.5	13998.7
A0A068U1P0	A0A068U1P0_COFCA	GSCOC_T00039372001	Glutaredoxin domain-containing protein	141980	1.12084e+06		1.0152e+06	760444	58648.9
A0A068U214	A0A068U214_COFCA	GSCOC_T00039992001	AB hydrolase-1 domain-containing protein		12519.4		109504	70211.4	
A0A068U245;A0A068V878	A0A068U245_COFCA;A0A068V878_COFCA	GSCOC_T00011364001;GSCOC_T00039763001	Proteasome subunit alpha type			29701.3			
A0A068U289	A0A068U289_COFCA	GSCOC_T00036823001	Isocitrate dehydrogenase [NADP]	357326	1.12321e+06	257485	967721	846046	328946
A0A068U289;A0A068U3A1	A0A068U289_COFCA;A0A068U3A1_COFCA	GSCOC_T00036823001;GSCOC_T00039371001	Isocitrate dehydrogenase [NADP]	76378	248384	67715.6	258549	257049	61486.8
A0A068U2E4;A0A068VG90	A0A068U2E4_COFCA;A0A068VG90_COFCA	GSCOC_T00001641001;GSCOC_T00040157001	Serine hydroxymethyltransferase-like domain-containing protein	62355.3	92139.1	68160.7	107326	98102.4	85596.3
A0A068U2N8	A0A068U2N8_COFCA	GSCOC_T00040234001	Bifunctional inhibitor/plant lipid transfer protein/seed storage helical domain-containing protein		110835	6832.92	226326	270938	4887.89
A0A068U3A1	A0A068U3A1_COFCA	GSCOC_T00039371001	Isocitrate dehydrogenase [NADP]	61231.1	210452	67991.5	246052	235816	99856.1
A0A068U3I4	A0A068U3I4_COFCA	GSCOC_T00040156001	glycine hydroxymethyltransferase	194793	250157	157092	276326	256018	185936
A0A068U3I4;A0A068VG90	A0A068U3I4_COFCA;A0A068VG90_COFCA	GSCOC_T00001641001;GSCOC_T00040156001	glycine hydroxymethyltransferase	120229	181651	155063	190026	155996	203674
A0A068U3L0;A0A068UID1	A0A068U3L0_COFCA;A0A068UID1_COFCA	GSCOC_T00027076001;GSCOC_T00041634001	RNA helicase	58641.6	29834.6	58556.2			238555
A0A068U3R1	A0A068U3R1_COFCA	GSCOC_T00040298001	allene-oxide cyclase	12750	61608.1	15245.8	70843.1	84296.6	115404
A0A068U3T5	A0A068U3T5_COFCA	GSCOC_T00041661001	Histone-binding protein RBBP4-like N-terminal domain-containing protein	60952	47126.2	60609.8	48013.4	50831.2	117548
A0A068U3Y2	A0A068U3Y2_COFCA	GSCOC_T00041515001	Peroxiredoxin Q, chloroplastic	5.21741e+06	9.58085e+06	4.46076e+06	1.17525e+07	1.09013e+07	4.8181e+06
A0A068U423	A0A068U423_COFCA	GSCOC_T00041551001	Proteasome subunit alpha type	127319		300889	309796		172614
A0A068U433	A0A068U433_COFCA	GSCOC_T00041749001	Profilin		25742.4		164660	45876.8	
A0A068U455	A0A068U455_COFCA	GSCOC_T00041788001	Malic enzyme	297732	224589	261871	284895	220882	357760
A0A068U4P0	A0A068U4P0_COFCA	GSCOC_T00015930001	Enoyl reductase (ER) domain-containing protein	925137	616157	901709	528746	520693	1.04977e+06
A0A068U4Y8;A0A068UIC7;A0A068UJV2;A0A068UV41	A0A068U4Y8_COFCA;A0A068UIC7_COFCA;A0A068UJV2_COFCA;A0A068UV41_COFCA	GSCOC_T00027065001;GSCOC_T00027775001;GSCOC_T00035522001;GSCOC_T00041693001	Mitochondrial carrier protein	231488	160404	213845	220023	159994	212163
A0A068U509;A0A068U612	A0A068U509_COFCA;A0A068U612_COFCA	GSCOC_T00016028001;GSCOC_T00016076001	Uncharacterized protein	57588.4	209777	65576	255626	187696	58493
A0A068U538	A0A068U538_COFCA	GSCOC_T00041802001	SKI-interacting protein SKIP SNW domain-containing protein			47995.3	3.22643e+07		
A0A068U557	A0A068U557_COFCA	GSCOC_T00015218001	Uncharacterized protein	174425	291415	178066	254225	209801	188434
A0A068U587	A0A068U587_COFCA	GSCOC_T00040267001	mannose-6-phosphate isomerase	227101	465984	219890	524064	492738	260681
A0A068U5C1	A0A068U5C1_COFCA	GSCOC_T00041939001	Uncharacterized protein	47940.9		53063.8	40133.7	26617.9	44239.1
A0A068U5R5	A0A068U5R5_COFCA	GSCOC_T00016317001	Uncharacterized protein	70385.7	196087	56942.1	267357	199429	69519.5
A0A068U5X1;A0A068U8G4	A0A068U5X1_COFCA;A0A068U8G4_COFCA	GSCOC_T00016404001;GSCOC_T00016406001	Membrane protein of ER body-like protein	88036.9		235381	54162.1		176477
A0A068U682	A0A068U682_COFCA	GSCOC_T00016604001	Peroxidase		26066.5	24947.4	58389.7	64718.3	26467.2
A0A068U6A1;A0A068UD46;A0A068UEQ5	A0A068U6A1_COFCA;A0A068UD46_COFCA;A0A068UEQ5_COFCA	GSCOC_T00016573001;GSCOC_T00021494001;GSCOC_T00021495001	glutathione transferase	36891.4	110719	29625.6	149847	203506	111002
A0A068U6J8;A0A068VI39;A0A068VIQ8	A0A068U6J8_COFCA;A0A068VI39_COFCA;A0A068VIQ8_COFCA	GSCOC_T00011981001;GSCOC_T00012819001;GSCOC_T00016454001	60S ribosomal protein L32		16276.2	7693.5		13798.7	54830.5
A0A068U6N4	A0A068U6N4_COFCA	GSCOC_T00041783001	Fe2OG dioxygenase domain-containing protein	1.22667e+06	3.1689e+08	1.44542e+06		2.76996e+08	559876
A0A068U6R1	A0A068U6R1_COFCA	GSCOC_T00016533001	Glyoxylate/succinic semialdehyde reductase 1	810792	493642	690516	498138	421306	751421
A0A068U7C7	A0A068U7C7_COFCA	GSCOC_T00015916001	glutathione transferase	8285.98		7106.91	41080.2	27750.5	44901.5
A0A068U7C8	A0A068U7C8_COFCA	GSCOC_T00017797001	HTH myb-type domain-containing protein	730663	1.22366e+06	172877	2.88165e+06	2.51005e+06	112382
A0A068U7D0	A0A068U7D0_COFCA	GSCOC_T00017851001	Plastid lipid-associated protein/fibrillin conserved domain-containing protein		456638	56944.7	531019	449927	52443.7
A0A068U7F0	A0A068U7F0_COFCA	GSCOC_T00017408001	Plasma membrane-associated cation-binding protein 1	274944	864986	229419	989752	820610	267662
A0A068U7J6;A0A068U7K2	A0A068U7J6_COFCA;A0A068U7K2_COFCA	GSCOC_T00017906001;GSCOC_T00017911001	Inositol-1-monophosphatase	84663.4	117212	81337.9	98375.9	103870	86595.3
A0A068U7M4	A0A068U7M4_COFCA	PFK	ATP-dependent 6-phosphofructokinase	1.08657e+06	538665	1.01023e+06	535141	495808	1.19167e+06
A0A068U890	A0A068U890_COFCA	GSCOC_T00017801001	Aminomethyltransferase	2.8024e+06	3.1325e+06	2.42486e+06	3.67091e+06	3.61019e+06	2.91911e+06
A0A068U8U1	A0A068U8U1_COFCA	GSCOC_T00016561001	Uncharacterized protein		185131	47846.1			108469
A0A068U8U1;A0A068VCK3	A0A068U8U1_COFCA;A0A068VCK3_COFCA	GSCOC_T00006614001;GSCOC_T00016561001	Uncharacterized protein	125473	185636	154384	201076	189346	167115
A0A068U968	A0A068U968_COFCA	GSCOC_T00018773001	Probable 6-phosphogluconolactonase	20304.9	19985.4	32301.7	23918.2	19333.5	32711.1
A0A068U9D1	A0A068U9D1_COFCA	GSCOC_T00019512001	GTP-binding nuclear protein	257577	304894	477311	1.33073e+06	2.40244e+06	5.70178e+06
A0A068U9D1;A0A068U511	A0A068U511_COFCA;A0A068U9D1_COFCA	GSCOC_T00019512001;GSCOC_T00041982001	GTP-binding nuclear protein	3.75629e+06	6.14776e+06	3.38441e+06	7.39629e+06	7.45533e+06	5.32379e+06
A0A068U9L7	A0A068U9L7_COFCA	GSCOC_T00019892001	Small heat shock protein, chloroplastic	1.51359e+06	719702	1.28e+06	779917	782683	1.68097e+06
A0A068UA15	A0A068UA15_COFCA	GSCOC_T00020411001	Peptide methionine sulfoxide reductase		1.0847e+06		984110	1.06002e+06	135929
A0A068UAI4	A0A068UAI4_COFCA	GSCOC_T00020269001	Iron-binding zinc finger CDGSH type domain-containing protein	30433.3	96771.3	29353.5	93537.3	84500.1	39554.1
A0A068UAI4;A0A068UQV3;A0A068VFH3	A0A068UAI4_COFCA;A0A068UQV3_COFCA;A0A068VFH3_COFCA	GSCOC_T00001518001;GSCOC_T00020269001;GSCOC_T00031674001	Iron-binding zinc finger CDGSH type domain-containing protein	69717	111976	79334.9	215040	250370	68354
A0A068UAL9	A0A068UAL9_COFCA	GSCOC_T00020168001	HMA domain-containing protein	2.95719e+06		3.27297e+06			2.76191e+06
A0A068UAU6	A0A068UAU6_COFCA	GSCOC_T00020757001	Glycosyltransferase	168038		199862		2.32904e+06	230142
A0A068UB31	A0A068UB31_COFCA	GSCOC_T00021012001	aconitate hydratase	177571	180517	134755	288721	347766	130515
A0A068UB44;A0A068VHN4	A0A068UB44_COFCA;A0A068VHN4_COFCA	GSCOC_T00012272001;GSCOC_T00021036001	SUI1 domain-containing protein		124482		118972	190767	46114.9
A0A068UB81;A0A068V3Y9	A0A068UB81_COFCA;A0A068V3Y9_COFCA	GSCOC_T00019776001;GSCOC_T00042940001	Uncharacterized protein	291212	177229	229213	171821	121710	301120
A0A068UBH2	A0A068UBH2_COFCA	GSCOC_T00021228001	Thioredoxin domain-containing protein	280482	5.28514e+06	248736	5.70336e+06	4.74777e+06	274384
A0A068UBK1	A0A068UBK1_COFCA	GSCOC_T00021264001	protein-serine/threonine phosphatase	828596	569696	852761	625964	550052	974043
A0A068UBK1;A0A068V2N8	A0A068UBK1_COFCA;A0A068V2N8_COFCA	GSCOC_T00021264001;GSCOC_T00042286001	protein-serine/threonine phosphatase	1.09952e+06	873250	888549	796110	802194	1.10466e+06
A0A068UBP7;A0A068VCB0	A0A068UBP7_COFCA;A0A068VCB0_COFCA	GSCOC_T00012967001;GSCOC_T00021323001	Malate dehydrogenase		11885.6		84894.9	48541.6	
A0A068UBX1	A0A068UBX1_COFCA	GSCOC_T00021336001	DJ-1/PfpI domain-containing protein	106606	360836		386825	329590	26987.2
A0A068UCK6	A0A068UCK6_COFCA	GSCOC_T00021577001	ribose-phosphate diphosphokinase	508081		504231	104800		688724
A0A068UD11	A0A068UD11_COFCA	GSCOC_T00021535001	Glucose-1-phosphate adenylyltransferase	301781					
A0A068UD94	A0A068UD94_COFCA	GSCOC_T00023422001	fructose-bisphosphatase	235830	1.39058e+06	221146	1.55408e+06	1.25432e+06	205001
A0A068UDF0	A0A068UDF0_COFCA	GSCOC_T00021590001	Uncharacterized protein	62965.3		23171.8	35639.5		62985.3
A0A068UDJ6;A0A068UMX2	A0A068UDJ6_COFCA;A0A068UMX2_COFCA	GSCOC_T00023550001;GSCOC_T00028126001	Histone H4	1.64504e+06	696471	1.56367e+06	1.01316e+06	2.87074e+06	2.34809e+06
A0A068UDW7	A0A068UDW7_COFCA	GSCOC_T00021115001	Uncharacterized protein	9216.52		7447.21			9594.12
A0A068UE46	A0A068UE46_COFCA	GSCOC_T00023673001	Valine--tRNA ligase, mitochondrial	2.23615e+06					2.89277e+06
A0A068UE68	A0A068UE68_COFCA	GSCOC_T00023706001	Adenosine kinase				44479.2	251971	
A0A068UEK0	A0A068UEK0_COFCA	GSCOC_T00023529001	Actin	93710		151830	100433	130329	1.39667e+06
A0A068UEM6;A0A068V702	A0A068UEM6_COFCA;A0A068V702_COFCA	GSCOC_T00015628001;GSCOC_T00024108001	Large ribosomal subunit protein bL9c			105633	20901.5	22487.2	
A0A068UEN7;A0A068VNV4	A0A068UEN7_COFCA;A0A068VNV4_COFCA	GSCOC_T00005696001;GSCOC_T00021467001	Tyrosinase copper-binding domain-containing protein		49903.4				
A0A068UF51	A0A068UF51_COFCA	GSCOC_T00022930001	PsbP C-terminal domain-containing protein	97463.6	207814	11525.4	233749	138740	
A0A068UFC9	A0A068UFC9_COFCA	GSCOC_T00023116001	Chlorophyll a-b binding protein, chloroplastic	262190					
A0A068UFL5;A0A068VFW2	A0A068UFL5_COFCA;A0A068VFW2_COFCA	GSCOC_T00012414001;GSCOC_T00024178001	RuBisCO large subunit-binding protein subunit alpha	11417.2	281011		322810	391226	64813.9
A0A068UFN9	A0A068UFN9_COFCA	GSCOC_T00024491001	Glyceraldehyde-3-phosphate dehydrogenase	252269	852144	182953	492109	506738	226741
A0A068UFN9;A0A068VCI9	A0A068UFN9_COFCA;A0A068VCI9_COFCA	GSCOC_T00004222001;GSCOC_T00024491001	Glyceraldehyde-3-phosphate dehydrogenase	465106	1.21429e+06	479621	1.55849e+06	1.4438e+06	532345
A0A068UFQ2;A0A068U2T1;A0A068V4T9;A0A068VBE0	A0A068U2T1_COFCA;A0A068UFQ2_COFCA;A0A068V4T9_COFCA;A0A068VBE0_COFCA	GSCOC_T00010187001;GSCOC_T00015408001;GSCOC_T00024643001;GSCOC_T00039860001	peptidylprolyl isomerase	358264	1.62283e+06	231490	1.7195e+06	1.47665e+06	267611
A0A068UFU7	A0A068UFU7_COFCA	GSCOC_T00024577001	Major facilitator superfamily (MFS) profile domain-containing protein	9.96626e+06	9.2023e+06	6.72488e+06	8.74798e+06	7.49735e+06	6.91016e+06
A0A068UFZ8	A0A068UFZ8_COFCA	GSCOC_T00024232001	Protein disulfide-isomerase	25448.9	17554.4	25508.9	32365.7		78445
A0A068UG19	A0A068UG19_COFCA	GSCOC_T00024799001	Uncharacterized protein	185710			205040	221448	282897
A0A068UGD4	A0A068UGD4_COFCA	GSCOC_T00024578001	Thioredoxin domain-containing protein	42480.5	26718.7		31863	43483.8	27008.1
A0A068UGE1	A0A068UGE1_COFCA	GSCOC_T00024591001	Uncharacterized protein	190677	57847.8	137916	51756.2	49125.9	143771
A0A068UGH4;A0A068V667	A0A068UGH4_COFCA;A0A068V667_COFCA	GSCOC_T00024521001;GSCOC_T00043088001	1,4-alpha-glucan branching enzyme	73431.8	14762.3	63356.6	164803	17328	110386
A0A068UGP0	A0A068UGP0_COFCA	GSCOC_T00024721001	Uncharacterized protein	301708	992691	134662	1.08762e+06	737171	
A0A068UGS8	A0A068UGS8_COFCA	GSCOC_T00025099001	Peptidase C1A papain C-terminal domain-containing protein	793975	2.31759e+06	774586	2.25238e+06	2.24168e+06	931452
A0A068UH36	A0A068UH36_COFCA	GSCOC_T00025100001	Peptidase C1A propeptide domain-containing protein	747150	1.64351e+06	669558	1.66714e+06	1.43255e+06	593213
A0A068UHA0;A0A068UI86	A0A068UHA0_COFCA;A0A068UI86_COFCA	GSCOC_T00025471001;GSCOC_T00025473001	UDP-glucose iridoid glucosyltransferase-like		85452.2		18116.9	15258.4	
A0A068UHL0	A0A068UHL0_COFCA	GSCOC_T00025005001	Citrate synthase	149081	339151				
A0A068UHL5	A0A068UHL5_COFCA	GSCOC_T00025101001	Peptidase C1A papain C-terminal domain-containing protein	351592	1.34054e+06	437102	1.37062e+06	1.23056e+06	443029
A0A068UI43	A0A068UI43_COFCA	GSCOC_T00024515001	Catalase	133871					
A0A068UIT5	A0A068UIT5_COFCA	GSCOC_T00024827001	COP9 signalosome complex subunit 4						590729
A0A068UJ98	A0A068UJ98_COFCA	GSCOC_T00027064001	Tr-type G domain-containing protein	317644	302236		295886	280369	276595
A0A068UJJ1	A0A068UJJ1_COFCA	GSCOC_T00027231001	Lysine--tRNA ligase	80320.4		43778.5			94513.5
A0A068UJK3	A0A068UJK3_COFCA	GSCOC_T00025185001	Ferredoxin thioredoxin reductase alpha chain domain-containing protein	532726	588662	359431	655315	680126	411527
A0A068UJP3	A0A068UJP3_COFCA	GSCOC_T00027802001	Eukaryotic translation initiation factor 4C	188849	200560	158470	179365		182123
A0A068UJP3;A0A068UZW2	A0A068UJP3_COFCA;A0A068UZW2_COFCA	GSCOC_T00027802001;GSCOC_T00038826001	Eukaryotic translation initiation factor 4C	39719.5	39100.7	33333	37692	172595	45994.2
A0A068UKG5	A0A068UKG5_COFCA	GSCOC_T00028216001	Uncharacterized protein	267776	423984	489476	422877	367269	377965
A0A068UKG5;A0A068UKG2	A0A068UKG2_COFCA;A0A068UKG5_COFCA	GSCOC_T00028209001;GSCOC_T00028216001	Uncharacterized protein	14441.4	18475	35613.9	81872	85294.2	29457.4
A0A068UKI2	A0A068UKI2_COFCA	GSCOC_T00027756001	Rhodanese domain-containing protein	21383.6		23539.2	33025.5		25411.9
A0A068UKI7;A0A068US28	A0A068UKI7_COFCA;A0A068US28_COFCA	GSCOC_T00020301001;GSCOC_T00033066001	Small ribosomal subunit protein uS15 N-terminal domain-containing protein	586241	427613	479794			829065
A0A068ULR2	A0A068ULR2_COFCA	GSCOC_T00028875001	Uncharacterized protein		1.38904e+06		1.47136e+06	1.14652e+06	
A0A068ULX8	A0A068ULX8_COFCA	GSCOC_T00028445001	RanBD1 domain-containing protein	48547.8	213380	62556.7	217905	146743	70139.5
A0A068ULZ0	A0A068ULZ0_COFCA	GSCOC_T00028611001	Probable glutathione S-transferase	50871.7				38642.2	54153.9
A0A068UME6	A0A068UME6_COFCA	GSCOC_T00028782001	Nucleoside diphosphate kinase	22652.2			38136.5	16113.1	15931.9
A0A068UML9	A0A068UML9_COFCA	GSCOC_T00027980001	Short-chain dehydrogenase/reductase	83205.5	104793	66721.5	141386	101876	59009.3
A0A068UMU7	A0A068UMU7_COFCA	GSCOC_T00028091001	Plant heme peroxidase family profile domain-containing protein	665976	1.42099e+06	717049	979201	682254	804674
A0A068UMW5	A0A068UMW5_COFCA	GSCOC_T00030237001	Selenoprotein H	669748	685872	639635	800572	626951	664540
A0A068UNE0	A0A068UNE0_COFCA	GSCOC_T00030183001	FHA domain-containing protein	57047.3	70893.6	36242.8	115846	56116.4	
A0A068UNF2	A0A068UNF2_COFCA	GSCOC_T00030202001	Glutathione peroxidase		661541		788447	653847	71122.9
A0A068UNK5	A0A068UNK5_COFCA	GSCOC_T00030296001	Hydroxymethylglutaryl-CoA synthase	507508	326214	654702	212378	179246	786677
A0A068UNM3	A0A068UNM3_COFCA	GSCOC_T00030410001	transaldolase			149309			
A0A068UNQ4	A0A068UNQ4_COFCA	GSCOC_T00028444001	ERBB-3 BINDING PROTEIN 1	1.29903e+06	1.0607e+06	1.43815e+06	1.1919e+06	1.08393e+06	1.70407e+06
A0A068UP07	A0A068UP07_COFCA	GSCOC_T00030898001	Cytosol aminopeptidase domain-containing protein	104562	80761	96399	101436	62830.1	99192.1
A0A068UP07;A0A068V706	A0A068UP07_COFCA;A0A068V706_COFCA	GSCOC_T00018998001;GSCOC_T00030898001	Cytosol aminopeptidase domain-containing protein	113049	82294.6	104400	95336.4	67385.4	128076
A0A068UP55	A0A068UP55_COFCA	GSCOC_T00030999001	CBM20 domain-containing protein	55473.2	46873.9	80902.2	38037.7	40715.5	78189.6
A0A068UP63;A0A068UPT5	A0A068UP63_COFCA;A0A068UPT5_COFCA	GSCOC_T00031008001;GSCOC_T00031012001	Bet v I/Major latex protein domain-containing protein	805184	1.89831e+06	675085	1.96022e+06	1.77172e+06	830120
A0A068UPD2	A0A068UPD2_COFCA	GSCOC_T00030715001	Leucine-rich repeat-containing N-terminal plant-type domain-containing protein	109499	68080.6	87900.8	60521.2	74429.1	56602.3
A0A068UPK9	A0A068UPK9_COFCA	GSCOC_T00031225001	Heparanase-like protein 3	291063	260535	287326	245996	270880	293930
A0A068UPM0	A0A068UPM0_COFCA	GSCOC_T00030887001	Eukaryotic translation initiation factor 5A	3.15747e+06	3.57241e+06	3.03386e+06	4.1818e+06	3.57481e+06	3.23394e+06
A0A068UPQ8	A0A068UPQ8_COFCA	GSCOC_T00031149001	MBD domain-containing protein	1.03985e+06	1.34879e+06	1.14169e+06	1.83168e+06	1.4554e+06	977058
A0A068UPR7	A0A068UPR7_COFCA	GSCOC_T00030977001	NADP-dependent oxidoreductase domain-containing protein	169202	525114	132115	557001	468342	151852
A0A068UPR7;A0A068VH47;A0A068VL06	A0A068UPR7_COFCA;A0A068VH47_COFCA;A0A068VL06_COFCA	GSCOC_T00007031001;GSCOC_T00009570001;GSCOC_T00030977001	NADP-dependent oxidoreductase domain-containing protein	95903	308558	79050	334184	293436	107898
A0A068UPR7;A0A068VH47;A0A068VL06;A0A068UPY2	A0A068UPR7_COFCA;A0A068UPY2_COFCA;A0A068VH47_COFCA;A0A068VL06_COFCA	GSCOC_T00007031001;GSCOC_T00009570001;GSCOC_T00030977001;GSCOC_T00030979001	NADP-dependent oxidoreductase domain-containing protein	410506	1.03125e+06	233347	1.17068e+06	880776	258874
A0A068UPR7;A0A068VL06	A0A068UPR7_COFCA;A0A068VL06_COFCA	GSCOC_T00007031001;GSCOC_T00030977001	NADP-dependent oxidoreductase domain-containing protein	324332	587683	336590	390683	405912	417242
A0A068UPR7;A0A068VMT9	A0A068UPR7_COFCA;A0A068VMT9_COFCA	GSCOC_T00000757001;GSCOC_T00030977001	NADP-dependent oxidoreductase domain-containing protein	26573.2	87536.3	54070	88333.6		130899
A0A068UPZ8;A0A068UP63;A0A068UPT5	A0A068UP63_COFCA;A0A068UPT5_COFCA;A0A068UPZ8_COFCA	GSCOC_T00031008001;GSCOC_T00031011001;GSCOC_T00031012001	Bet v I/Major latex protein domain-containing protein	521356	1.37745e+06	479736	1.45171e+06	1.38022e+06	539028
A0A068UQ51	A0A068UQ51_COFCA	GSCOC_T00030131001	Translation elongation factor EF1B beta/delta subunit guanine nucleotide exchange domain-containing protein	89865.9	71618.4	70161.6	106350	73214.2	70927.6
A0A068UQ51;A0A068TQE1	A0A068TQE1_COFCA;A0A068UQ51_COFCA	GSCOC_T00022681001;GSCOC_T00030131001	Translation elongation factor EF1B beta/delta subunit guanine nucleotide exchange domain-containing protein	181949		275937	54414.9	37009.4	195458
A0A068UQ56	A0A068UQ56_COFCA	GSCOC_T00030139001	4-(cytidine 5'-diphospho)-2-C-methyl-D-erythritol kinase	139823	168340	139642	132758	158111	153901
A0A068UQP4	A0A068UQP4_COFCA	GSCOC_T00031388001	thioredoxin-dependent peroxiredoxin	295194	1.51089e+06	141516	1.62424e+06	1.27686e+06	
A0A068UQZ6	A0A068UQZ6_COFCA	GSCOC_T00031977001	Photosystem I reaction center subunit N, chloroplastic		231276		203257	185255	
A0A068UR91;A0A068UB31	A0A068UB31_COFCA;A0A068UR91_COFCA	GSCOC_T00021012001;GSCOC_T00031703001	aconitate hydratase	527686	1.06559e+06	537267	760594	751069	770450
A0A068URB4	A0A068URB4_COFCA	GSCOC_T00031754001	SIS domain-containing protein	1.43678e+06	4.63825e+06	1.42983e+06	4.45572e+06	4.37344e+06	1.47819e+06
A0A068URN4	A0A068URN4_COFCA	GSCOC_T00031893001	Plant heme peroxidase family profile domain-containing protein		212509		229694	206557	
A0A068URN4;A0A068U0C5	A0A068U0C5_COFCA;A0A068URN4_COFCA	GSCOC_T00031893001;GSCOC_T00037161001	Peroxidase		17065.3		423538	19579.5	
A0A068USG7	A0A068USG7_COFCA	GSCOC_T00033601001	Eukaryotic translation initiation factor 5B	42163.3	10142.5	59856	12719.6	12136.3	14216.5
A0A068USH6	A0A068USH6_COFCA	GSCOC_T00033615001	Actin	80333.8	440824		407470	485233	66189
A0A068USW1;A0A068UUK6	A0A068USW1_COFCA;A0A068UUK6_COFCA	GSCOC_T00034000001;GSCOC_T00035586001	PROP1-like PPR domain-containing protein		87677		45118.4	61526.7	
A0A068USW5	A0A068USW5_COFCA	GSCOC_T00033655001	Uncharacterized protein	1.09541e+08	8.4321e+07	8.25541e+07	9.24287e+07	9.09237e+07	8.99161e+07
A0A068USY3	A0A068USY3_COFCA	GSCOC_T00033572001	Peptidase A1 domain-containing protein	468453	2.28999e+06	507498	2.30846e+06	2.22518e+06	523424
A0A068UT16	A0A068UT16_COFCA	GSCOC_T00031553001	Uncharacterized protein	297883	274622	300614	306133	280791	332902
A0A068UT16;A0A068VB15	A0A068UT16_COFCA;A0A068VB15_COFCA	GSCOC_T00003882001;GSCOC_T00031553001	Uncharacterized protein	52499		323285	74242.8	41452	48474.3
A0A068UT18	A0A068UT18_COFCA	GSCOC_T00033726001	Probable glutathione S-transferase	81434.6		75990		126639	69347.6
A0A068UT18;A0A068UT71	A0A068UT18_COFCA;A0A068UT71_COFCA	GSCOC_T00033723001;GSCOC_T00033726001	Probable glutathione S-transferase	19114.8	33199.5	40000.3	94593.4	104197	84768.6
A0A068UU27	A0A068UU27_COFCA	GSCOC_T00034196001	Phosphoribulokinase			300823			114474
A0A068UUF7	A0A068UUF7_COFCA	GSCOC_T00035257001	UTP-monosaccharide-1-phosphate uridylyltransferase	6839.49	45234.3	4305.64	478610	277888	6454.92
A0A068UUF8	A0A068UUF8_COFCA	GSCOC_T00035185001	Uncharacterized protein	67146.4	97260.5	42760.2	108268	101244	57557.4
A0A068UUM2	A0A068UUM2_COFCA	GSCOC_T00035357001	PsbP C-terminal domain-containing protein	66528.3		41469.3			83514.6
A0A068UUT9	A0A068UUT9_COFCA	GSCOC_T00035568001	UDP-glucose 4-epimerase	610362	596948	575531	591400	562762	521953
A0A068UVA1	A0A068UVA1_COFCA	GSCOC_T00033883001	Alpha-carbonic anhydrase domain-containing protein	119031		104331	186351	123633	104827
A0A068UVC6	A0A068UVC6_COFCA	GSCOC_T00035663001	Purple acid phosphatase	82709.2	138748	67029	64673.5	76567.6	94171.6
A0A068UVN7	A0A068UVN7_COFCA	GSCOC_T00035856001	Aldose 1-epimerase	5342.76	73990				
A0A068UVT3	A0A068UVT3_COFCA	GSCOC_T00034145001	Protein kinase domain-containing protein			1.26209e+06	1.11499e+06	213729	357612
A0A068UW83	A0A068UW83_COFCA	GSCOC_T00037436001	Actin 7	61748.2	286267		305717	220043	39587.6
A0A068UW83;A0A068USH6;A0A068TXK9;A0A068TML6;A0A068UEK0	A0A068TML6_COFCA;A0A068TXK9_COFCA;A0A068UEK0_COFCA;A0A068USH6_COFCA;A0A068UW83_COFCA	GSCOC_T00014855001;GSCOC_T00023529001;GSCOC_T00029878001;GSCOC_T00033615001;GSCOC_T00037436001	Actin	373033	1.58719e+06	341503	1.91251e+06	1.68509e+06	434794
A0A068UW83;A0A068USH6;A0A068TXK9;A0A068UEK0	A0A068TXK9_COFCA;A0A068UEK0_COFCA;A0A068USH6_COFCA;A0A068UW83_COFCA	GSCOC_T00023529001;GSCOC_T00029878001;GSCOC_T00033615001;GSCOC_T00037436001	Actin	328231	1.00274e+06	565638	1.07824e+06	899174	585454
A0A068UWW5	A0A068UWW5_COFCA	GSCOC_T00037792001	RRM domain-containing protein	20581.6	116877	19779.1	116187	113569	23351.4
A0A068UX16	A0A068UX16_COFCA	GSCOC_T00035564001	Nucleoside diphosphate kinase	1.65731e+06	1.13121e+06	1.55075e+06	1.14132e+06	1.14401e+06	1.81861e+06
A0A068UXA6;A0A068UXZ7;A0A068V897;A0A068V8F5;A0A068VF29;A0A068VF67;A0A068VFD8;A0A068VGB0;A0A068VH67;A0A068VIQ0;A0A068VIT1;A0A068VIV9;A0A068VIW7;A0A068VIY6;A0A068VJ37;A0A068VJ88;A0A068VJP9;A0A068VK08;A0A068VKQ8;A0A068VKX0;A0A068VKY6;A0A068VL15;A0A068VL87;A0A068VLZ5;A0A068VMB2;A0A068VMI1;A0A068VN91;A0A068VPJ0	A0A068UXA6_COFCA;A0A068UXZ7_COFCA;A0A068V897_COFCA;A0A068V8F5_COFCA;A0A068VF29_COFCA;A0A068VF67_COFCA;A0A068VFD8_COFCA;A0A068VGB0_COFCA;A0A068VH67_COFCA;A0A068VIQ0_COFCA;A0A068VIT1_COFCA;A0A068VIV9_COFCA;A0A068VIW7_COFCA;A0A068VIY6_COFCA;A0A068VJ37_COFCA;A0A068VJ88_COFCA;A0A068VJP9_COFCA;A0A068VK08_COFCA;A0A068VKQ8_COFCA;A0A068VKX0_COFCA;A0A068VKY6_COFCA;A0A068VL15_COFCA;A0A068VL87_COFCA;A0A068VLZ5_COFCA;A0A068VMB2_COFCA;A0A068VMI1_COFCA;A0A068VN91_COFCA;A0A068VPJ0_COFCA	GSCOC_T00000023001;GSCOC_T00001164001;GSCOC_T00001938001;GSCOC_T00001961001;GSCOC_T00002627001;GSCOC_T00003819001;GSCOC_T00003845001;GSCOC_T00005335001;GSCOC_T00007011001;GSCOC_T00007872001;GSCOC_T00007982001;GSCOC_T00008045001;GSCOC_T00008227001;GSCOC_T00008867001;GSCOC_T00009260001;GSCOC_T00009397001;GSCOC_T00009818001;GSCOC_T00010344001;GSCOC_T00011855001;GSCOC_T00012265001;GSCOC_T00012894001;GSCOC_T00013508001;GSCOC_T00013510001;GSCOC_T00013763001;GSCOC_T00019250001;GSCOC_T00019254001;GSCOC_T00038007001;GSCOC_T00038009001	NB-ARC domain-containing protein	1.50993e+06	299984	4.85424e+06	2.46378e+06	746394	3.61615e+06
A0A068UXI2;A0A068V849	A0A068UXI2_COFCA;A0A068V849_COFCA	GSCOC_T00017137001;GSCOC_T00035822001	40S ribosomal protein S14	119837	213180	126018	81733.6	112640	105876
A0A068UXN8	A0A068UXN8_COFCA	GSCOC_T00037762001	Abscisic acid receptor PYR1-like	367699	305951	347763	286613	262089	476084
A0A068UXP7	A0A068UXP7_COFCA	GSCOC_T00038191001	Glyceraldehyde-3-phosphate dehydrogenase	4.26306e+06	5.74908e+06	2.9011e+06	6.39261e+06	4.76722e+06	3.77661e+06
A0A068UXP7;A0A068V0Y8	A0A068UXP7_COFCA;A0A068V0Y8_COFCA	GSCOC_T00038191001;GSCOC_T00038554001	Glyceraldehyde-3-phosphate dehydrogenase	3.93195e+06	3.16302e+06	5.81916e+06	1.98618e+06	1.14064e+06	6.7808e+06
A0A068UXP7;A0A068V9M9	A0A068UXP7_COFCA;A0A068V9M9_COFCA	GSCOC_T00019117001;GSCOC_T00038191001	Glyceraldehyde-3-phosphate dehydrogenase	1.92723e+06	2.62096e+06	1.87349e+06	2.49535e+06	2.07608e+06	2.1501e+06
A0A068UXP7;A0A068V9M9;A0A068V0Y8	A0A068UXP7_COFCA;A0A068V0Y8_COFCA;A0A068V9M9_COFCA	GSCOC_T00019117001;GSCOC_T00038191001;GSCOC_T00038554001	Glyceraldehyde-3-phosphate dehydrogenase	2.47098e+06	3.94411e+06	2.11748e+06	4.00551e+06	3.35779e+06	2.57101e+06
A0A068UZ08	A0A068UZ08_COFCA	GSCOC_T00038442001	DUF1677 domain-containing protein		3.87424e+06		3.63961e+06	4.4625e+06	
A0A068UZ69	A0A068UZ69_COFCA	GSCOC_T00038536001	Protein MEMO1	24087		68867.9		19446	68978.9
A0A068UZ72	A0A068UZ72_COFCA	GSCOC_T00038606001	Porphobilinogen deaminase, chloroplastic	303936	210054	236281	255060	175169	284299
A0A068UZ89	A0A068UZ89_COFCA	GSCOC_T00038623001	Uncharacterized protein		1.39532e+06		1.5496e+06	1.45421e+06	
A0A068UZ98	A0A068UZ98_COFCA	GSCOC_T00038571001	Phosphoglycerate kinase				639833	174970	
A0A068UZB5	A0A068UZB5_COFCA	GSCOC_T00037711001	Glycine cleavage system H protein	1.01047e+06	2.78926e+06	947766	3.46688e+06	2.06736e+06	1.27438e+06
A0A068UZE8	A0A068UZE8_COFCA	GSCOC_T00039055001	Superoxide dismutase	243668	663054	227591	901689	890330	243928
A0A068UZX7	A0A068UZX7_COFCA	GSCOC_T00038853001	Uncharacterized protein	542626	394722	548280	443491	402278	773488
A0A068UZX8	A0A068UZX8_COFCA	GSCOC_T00038984001	superoxide dismutase		87505.5		239615	20114.4	
A0A068V038	A0A068V038_COFCA	GSCOC_T00039009001	hydroxyacylglutathione hydrolase	85705.9	152705	130096	86861.9	144708	173174
A0A068V061	A0A068V061_COFCA	GSCOC_T00040414001	S-formylglutathione hydrolase	20320.2	130132	18360.7	105717	98074.2	23631.2
A0A068V110	A0A068V110_COFCA	GSCOC_T00040486001	Pyrroline-5-carboxylate reductase	1.11362e+06		1.03005e+06			1.22272e+06
A0A068V1B5;A0A068V3J7;A0A068UAS9	A0A068UAS9_COFCA;A0A068V1B5_COFCA;A0A068V3J7_COFCA	GSCOC_T00020836001;GSCOC_T00038693001;GSCOC_T00043076001	Fructose-bisphosphate aldolase	671241	2.25635e+06	556854	2.50223e+06	2.02339e+06	551832
A0A068V1C0	A0A068V1C0_COFCA	GSCOC_T00040594001	Photosystem II 5 kDa protein, chloroplastic		260665	68670.6	401702	437001	
A0A068V1D5	A0A068V1D5_COFCA	GSCOC_T00040636001	DUF2470 domain-containing protein	7.02723e+06	5.19534e+06	6.51152e+06	5.42692e+06	4.87832e+06	9.37564e+06
A0A068V1G3	A0A068V1G3_COFCA	GSCOC_T00041011001	N-acyl-aliphatic-L-amino acid amidohydrolase	346619	121140	277184	126841	134402	349559
A0A068V2D4	A0A068V2D4_COFCA	GSCOC_T00042068001	Extensin domain-containing protein	292307	261933	236744	224798	328915	300028
A0A068V2R5	A0A068V2R5_COFCA	GSCOC_T00042648001	Peptide methionine sulfoxide reductase		13167		78319	58961.8	
A0A068V3A2	A0A068V3A2_COFCA	GSCOC_T00042706001	C2H2-type domain-containing protein	431833	380778	446774	410220	298330	473382
A0A068V3B6	A0A068V3B6_COFCA	GSCOC_T00042718001	40S ribosomal protein S8	626737	106451		119050	110082	109030
A0A068V3B6;A0A068U5Z7	A0A068U5Z7_COFCA;A0A068V3B6_COFCA	GSCOC_T00016447001;GSCOC_T00042718001	40S ribosomal protein S8	12065.1	17424.5	16243.6	21062.9	14298.9	18367
A0A068V3F1	A0A068V3F1_COFCA	GSCOC_T00042570001	Nucleoside diphosphate kinase	238006	362896	242124	330063	278896	229079
A0A068V3I9	A0A068V3I9_COFCA	GSCOC_T00042781001	Peptidase A1 domain-containing protein		126323		137117	108626	
A0A068V3I9;A0A068U894	A0A068U894_COFCA;A0A068V3I9_COFCA	GSCOC_T00017810001;GSCOC_T00042781001	Peptidase A1 domain-containing protein	71087.5	450195	37594.8	430510	404693	
A0A068V3J7;A0A068UAS9	A0A068UAS9_COFCA;A0A068V3J7_COFCA	GSCOC_T00020836001;GSCOC_T00043076001	Fructose-bisphosphate aldolase	499461	1.39292e+06	329499	1.40872e+06	1.46547e+06	403253
A0A068V3N8	A0A068V3N8_COFCA	GSCOC_T00042899001	PsbP C-terminal domain-containing protein	44962.5	164429	50458.1	215764	188248	44429
A0A068V404	A0A068V404_COFCA	GSCOC_T00015384001	serine--tRNA ligase	339864		309271	158833	275274	257026
A0A068V462	A0A068V462_COFCA	GSCOC_T00043047001	Glutaredoxin-dependent peroxiredoxin		2.28348e+06		1.78529e+06	1.62715e+06	663641
A0A068V493	A0A068V493_COFCA	GSCOC_T00043102001	monodehydroascorbate reductase (NADH)	145539	644480	126857	796053	720690	140240
A0A068V4G4	A0A068V4G4_COFCA	GSCOC_T00042168001	Uncharacterized protein	88006.7		71179.4			40977.8
A0A068V553	A0A068V553_COFCA	GSCOC_T00015847001	Uncharacterized protein	902841	914757	714928	779254	790986	844389
A0A068V5B1;A0A068V5Q6;A0A068VMK4	A0A068V5B1_COFCA;A0A068V5Q6_COFCA;A0A068VMK4_COFCA	GSCOC_T00009492001;GSCOC_T00016741001;GSCOC_T00016746001	GDSL esterase/lipase 2-like	308478	388986	519034	321059	416476	442597
A0A068V5B2	A0A068V5B2_COFCA	GSCOC_T00042640001	Adenosylhomocysteinase		49321.5		96148.3	86364.4	
A0A068V5C0;A0A068V791	A0A068V5C0_COFCA;A0A068V791_COFCA	GSCOC_T00015771001;GSCOC_T00015775001	GRAM domain-containing protein	766681	644570	757157	560496	540433	881495
A0A068V618	A0A068V618_COFCA	GSCOC_T00043010001	peptidylprolyl isomerase		121847		123832	120587	
A0A068V628	A0A068V628_COFCA	GSCOC_T00017016001	Uncharacterized protein	40876.9	41628.7	39344	75710.8	41093.6	43054.2
A0A068V643	A0A068V643_COFCA	GSCOC_T00043048001	phosphopyruvate hydratase	628248	1.83037e+06	430002	2.30526e+06	1.97589e+06	493153
A0A068V643;Cont_Q9XSJ4	A0A068V643_COFCA;ENOA_BOVIN	ENO1;GSCOC_T00043048001	phosphopyruvate hydratase	1.63133e+06	3.54591e+06	1.0828e+06	1.4859e+06	959791	2.87335e+06
A0A068V6D9	A0A068V6D9_COFCA	GSCOC_T00043204001	Uncharacterized protein	32465.7	179301		141014	168710	
A0A068V6J5	A0A068V6J5_COFCA	GSCOC_T00018261001	pyridoxal 5'-phosphate synthase	14651.7	53095.3		47364.6	44836	115192
A0A068V715	A0A068V715_COFCA	GSCOC_T00018153001	NAC-A/B domain-containing protein		167844		173728	109554	221262
A0A068V7E0	A0A068V7E0_COFCA	GSCOC_T00016649001	N-acyl-aliphatic-L-amino acid amidohydrolase	283116	44896.7	239794	64399.6		289240
A0A068V7W1	A0A068V7W1_COFCA	GSCOC_T00019442001	Uncharacterized protein	140511		223370			194206
A0A068V807	A0A068V807_COFCA	GSCOC_T00017056001	NADP-dependent oxidoreductase domain-containing protein		15951.7		18596.3	14684.4	
A0A068V8A7	A0A068V8A7_COFCA	GSCOC_T00019168001	Large ribosomal subunit protein bL27c	576020	1.25492e+06	629142	1.12477e+06	1.07547e+06	551578
A0A068V8F3	A0A068V8F3_COFCA	GSCOC_T00004981001	CP12 domain-containing protein	363548	686563	377213	1.14375e+06	1.18753e+06	235396
A0A068V8X4	A0A068V8X4_COFCA	GSCOC_T00005020001	fumarate hydratase		237826		676389	654674	1473.72
A0A068V900	A0A068V900_COFCA	GSCOC_T00005049001	Large ribosomal subunit protein eL22	19287.1	25013.9	19037	105417	30776.7	
A0A068V905	A0A068V905_COFCA	GSCOC_T00000675001	PUA domain-containing protein	112332	108095	119707	117267	113338	121351
A0A068VA18;A0A068TYX8;A0A068USU6	A0A068TYX8_COFCA;A0A068USU6_COFCA;A0A068VA18_COFCA	GSCOC_T00004476001;GSCOC_T00024694001;GSCOC_T00025071001	Histone H3		1.12009e+07				
A0A068VA33	A0A068VA33_COFCA	GSCOC_T00004449001	Lysosomal Pro-X carboxypeptidase	125177	43122.9	118367	115454	100806	130518
A0A068VB15	A0A068VB15_COFCA	GSCOC_T00003882001	glutathione transferase			121746	498244	484861	117292
A0A068VB43	A0A068VB43_COFCA	GSCOC_T00019481001	GH18 domain-containing protein	2.03898e+06		2.22044e+06			2.12069e+06
A0A068VB43;A0A068V8L2	A0A068V8L2_COFCA;A0A068VB43_COFCA	GSCOC_T00019478001;GSCOC_T00019481001	GH18 domain-containing protein	1.01834e+06	1.6259e+06	1.23461e+06	3.56767e+06	3.38775e+06	1.35967e+06
A0A068VBC0	A0A068VBC0_COFCA	GSCOC_T00013178001	23 kDa subunit of oxygen evolving system of photosystem II	3.86968e+06	1.97373e+07	3.54529e+06	1.60897e+07	1.56237e+07	3.62925e+06
A0A068VBJ2	A0A068VBJ2_COFCA	GSCOC_T00011584001		869982	664101	751921	612873	515396	858795
A0A068VBP9	A0A068VBP9_COFCA	GSCOC_T00011789001	protein disulfide-isomerase	71640.3	254962	81775.4	290596	287584	66874.1
A0A068VBP9;A0A068URI5	A0A068URI5_COFCA;A0A068VBP9_COFCA	GSCOC_T00011789001;GSCOC_T00031889001	Protein disulfide-isomerase		210528		163643	185482	
A0A068VCC7	A0A068VCC7_COFCA	GSCOC_T00005517001		59361.4	18293.6	14602.4	40666.8	34370.5	48214.4
A0A068VCI9	A0A068VCI9_COFCA	GSCOC_T00004222001	Glyceraldehyde-3-phosphate dehydrogenase	1.06899e+06	4.07412e+06	871527	3.66682e+06	3.43854e+06	828056
A0A068VCS5	A0A068VCS5_COFCA	GSCOC_T00012962001	Superoxide dismutase [Cu-Zn]	158200	724372	121716	642285	640990	118546
A0A068VD83	A0A068VD83_COFCA	GSCOC_T00005559001	Clp R domain-containing protein		226437		458386	337850	
A0A068VD83;A0A068U3W2;A0A068V7K0	A0A068U3W2_COFCA;A0A068V7K0_COFCA;A0A068VD83_COFCA	GSCOC_T00005559001;GSCOC_T00018903001;GSCOC_T00039658001	Clp R domain-containing protein		439386		549665	570429	
A0A068VDB7	A0A068VDB7_COFCA	GSCOC_T00010080001		13017.9		6343.31		7859.66	68187.4
A0A068VDQ3	A0A068VDQ3_COFCA	GSCOC_T00001014001	Light-regulated protein		152379			285954	
A0A068VDY0;A0A068UF33;A0A068TSQ1;A0A068UBG8;A0A068UCA6;A0A068UF29;A0A068UUF9;A0A068UVX5;A0A068V1T7;A0A068V4Q5;A0A068VGG6;A0A068VJF1	A0A068TSQ1_COFCA;A0A068UBG8_COFCA;A0A068UCA6_COFCA;A0A068UF29_COFCA;A0A068UF33_COFCA;A0A068UUF9_COFCA;A0A068UVX5_COFCA;A0A068V1T7_COFCA;A0A068V4Q5_COFCA;A0A068VDY0_COFCA;A0A068VGG6_COFCA;A0A068VJF1_COFCA	GSCOC_T00000135001;GSCOC_T00007941001;GSCOC_T00013390001;GSCOC_T00015563001;GSCOC_T00020648001;GSCOC_T00021116001;GSCOC_T00022450001;GSCOC_T00023771001;GSCOC_T00023779001;GSCOC_T00033338001;GSCOC_T00036224001;GSCOC_T00038980001	Beta-glucosidase 44-like	156264	153299		264144	100615	121521
A0A068VE26	A0A068VE26_COFCA	GSCOC_T00010068001		152681	159169	248725			226947
A0A068VE54	A0A068VE54_COFCA	GSCOC_T00005865001	Peptidase A1 domain-containing protein	195531	1.08276e+06	164486	1.06269e+06	1.06618e+06	148800
A0A068VE54;A0A068USY3;A0A068VG06	A0A068USY3_COFCA;A0A068VE54_COFCA;A0A068VG06_COFCA	GSCOC_T00005865001;GSCOC_T00008233001;GSCOC_T00033572001	Peptidase A1 domain-containing protein	117189	1.11238e+06	163345	791218	279356	71010.3
A0A068VEA7	A0A068VEA7_COFCA	GSCOC_T00008321001		7383.83	20045.1	3981.79	30014.8	24458.9	
A0A068VEC9	A0A068VEC9_COFCA	GSCOC_T00002103001	tRNA-binding domain-containing protein	110120	91262.4	85714.5	75630.9	65566.8	123494
A0A068VEG7;A0A068TQK4	A0A068TQK4_COFCA;A0A068VEG7_COFCA	GSCOC_T00001032001;GSCOC_T00022350001	glycine--tRNA ligase					78437.4	35916.6
A0A068VEI6	A0A068VEI6_COFCA	GSCOC_T00003714001	Chlorophyll a-b binding protein, chloroplastic	70267.1					
A0A068VEI8	A0A068VEI8_COFCA	GSCOC_T00004285001	Glutathione peroxidase	197895	793442	202749	683326	561410	210159
A0A068VEI8;A0A068UHC8	A0A068UHC8_COFCA;A0A068VEI8_COFCA	GSCOC_T00004285001;GSCOC_T00025339001	Glutathione peroxidase	323871	503600	402301	410643	168889	295223
A0A068VEI9	A0A068VEI9_COFCA	GSCOC_T00012649001	Insulin-degrading enzyme-like 1, peroxisomal	182844		129244			145886
A0A068VEJ7	A0A068VEJ7_COFCA	GSCOC_T00001042001	Uncharacterized protein	1.85299e+06	958156	1.39563e+06	1.08771e+06		2.70365e+06
A0A068VEM0	A0A068VEM0_COFCA	GSCOC_T00004569001	Dirigent protein	983839	680464	886536	862914	728177	2.18384e+06
A0A068VEQ7	A0A068VEQ7_COFCA	GSCOC_T00002104001	Methionine aminopeptidase 2	61490.3	15857.1	52054.2	5730.92	10001.4	
A0A068VEQ7;A0A068VES4	A0A068VEQ7_COFCA;A0A068VES4_COFCA	GSCOC_T00002101001;GSCOC_T00002104001	Methionine aminopeptidase 2	618505	794929	460200	877603		606366
A0A068VFP2	A0A068VFP2_COFCA	GSCOC_T00002596001	ribulose-phosphate 3-epimerase	163432	86883.1	128159	774552		161751
A0A068VFP3	A0A068VFP3_COFCA	GSCOC_T00003540001	Large ribosomal subunit protein uL18c	120840	164088	118956	187686	172450	137646
A0A068VFW2;A0A068TPY5	A0A068TPY5_COFCA;A0A068VFW2_COFCA	GSCOC_T00012414001;GSCOC_T00021953001	RuBisCO large subunit-binding protein subunit beta, chloroplastic	9808.61	27058.2	11929	40941.4		
A0A068VG82;A0A068UM79;A0A068V7P3	A0A068UM79_COFCA;A0A068V7P3_COFCA;A0A068VG82_COFCA	GSCOC_T00007372001;GSCOC_T00018520001;GSCOC_T00028764001	40S ribosomal protein S7	64360	208688	68579.2	212812	168982	80608.1
A0A068VGE0	A0A068VGE0_COFCA	GSCOC_T00008717001			21001.2			22517.7	
A0A068VGM2	A0A068VGM2_COFCA	GSCOC_T00011142001			63413.5	3549.79			
A0A068VGV1;A0A068VI70	A0A068VGV1_COFCA;A0A068VI70_COFCA	GSCOC_T00009951001;GSCOC_T00012314001		379403					
A0A068VH47	A0A068VH47_COFCA	GSCOC_T00009570001						53478.2	
A0A068VH47;A0A068VL06	A0A068VH47_COFCA;A0A068VL06_COFCA	GSCOC_T00007031001;GSCOC_T00009570001		19771.9	77145.3	13787	150540	49738.3	50730.8
A0A068VH68	A0A068VH68_COFCA	GSCOC_T00001708001	Calreticulin	571620	254897	497863			668135
A0A068VH68;A0A068U6M9	A0A068U6M9_COFCA;A0A068VH68_COFCA	GSCOC_T00001708001;GSCOC_T00017485001	Calreticulin	1.18017e+06	2.54474e+06	915519	648444	521083	1.22164e+06
A0A068VHH8	A0A068VHH8_COFCA	GSCOC_T00013752001		80355.4			70473.7		41450.7
A0A068VHZ9	A0A068VHZ9_COFCA	GSCOC_T00008382001			788887		736430	719268	
A0A068VI32	A0A068VI32_COFCA	GSCOC_T00009176001			67633.8		58478	58607.9	
A0A068VIW0	A0A068VIW0_COFCA	GSCOC_T00009125001	DNA replication licensing factor MCM3						321137
A0A068VJA8	A0A068VJA8_COFCA	GSCOC_T00002210001			2.99732e+06		2.38318e+06	2.617e+06	
A0A068VJR2	A0A068VJR2_COFCA	GSCOC_T00013391001	UspA domain-containing protein	57846.4	28961.2	38508.5	31308.6	39260.9	43520.5
A0A068VJR7	A0A068VJR7_COFCA	GSCOC_T00009092001		3.4554e+06	2.8503e+06	3.21419e+06	3.33881e+06	2.87815e+06	3.87968e+06
A0A068VK15	A0A068VK15_COFCA	GSCOC_T00012344001	NAD-dependent epimerase/dehydratase domain-containing protein	96952.3	41770.4	67862.7	53428.1	32204	126765
A0A068VK80	A0A068VK80_COFCA	GSCOC_T00010323001		69990.5		109960			134165
A0A068VK80;A0A068VHW2	A0A068VHW2_COFCA;A0A068VK80_COFCA	GSCOC_T00003341001;GSCOC_T00010323001		177319	144493	182761	217099	118002	189092
A0A068VKG8	A0A068VKG8_COFCA	GSCOC_T00007002001			297510	43281.7	327670	290656	37774.5
A0A068VKY1	A0A068VKY1_COFCA	GSCOC_T00008147001		732396	1.85213e+06	716643	1.97092e+06	1.76689e+06	501990
A0A068VLE8	A0A068VLE8_COFCA	GSCOC_T00007291001		2.33413e+07	2.20952e+07	2.1148e+07	2.41922e+07	2.22785e+07	2.00035e+07
A0A068VLM1	A0A068VLM1_COFCA	GSCOC_T00001585001			116882		28093.8	31117.6	
A0A068VLM1;A0A068UAC6	A0A068UAC6_COFCA;A0A068VLM1_COFCA	GSCOC_T00001585001;GSCOC_T00018534001	Large ribosomal subunit protein uL6 alpha-beta domain-containing protein	283505	1.33532e+07		1.96963e+07	2.35936e+07	285903
A0A068VMX3	A0A068VMX3_COFCA	GSCOC_T00009368001			40459.2		28867.7	34323.2	22281.3
A0A068VPI5	A0A068VPI5_COFCA	GSCOC_T00011720001		105936	770463	97729.3	835866	642588	130619
A0A068VPI5;A0A068TV84	A0A068TV84_COFCA;A0A068VPI5_COFCA	GSCOC_T00011720001;GSCOC_T00029597001	HMA domain-containing protein	124603	535607	116367	486647	527482	95570
ADD000	iRTKit		iRT-Kit_WR_fusion	5.17758e+08	4.98781e+08	4.86449e+08	4.05361e+08	2.17124e+08	3.88567e+08
ADD001	bait_protein		bait protein sequence		743792		602799	680552	
ADD001;A0A068TYV6	A0A068TYV6_COFCA;bait_protein	GSCOC_T00036562001	Uncharacterized protein	4.00573e+08	3.58144e+10	9.79227e+07	2.96398e+10	2.88837e+10	4.28017e+06
ADD001;A0A068TYV6;A0A068V6D9	A0A068TYV6_COFCA;A0A068V6D9_COFCA;bait_protein	GSCOC_T00036562001;GSCOC_T00043204001	Uncharacterized protein	1.34415e+08	2.77021e+10	9.16881e+07	2.7024e+10	2.93405e+10	
Cont_A0A0H3K686;Cont_P02976	SPA_STAA8;SPA_STAAE	spa	Immunoglobulin G-binding protein A	453104		389107			
Cont_A2I7N1;Cont_A2I7N3;Cont_Q9TTE1	SPA31_BOVIN;SPA35_BOVIN;SPA37_BOVIN	SERPINA3-1;SERPINA3-5;SERPINA3-7	Serpin A3-5	180678	98919.3	63227.2	87477.7	24049.5	149360
Cont_O76011;Cont_Q14525	KRT34_HUMAN;KT33B_HUMAN	KRT33B;KRT34	Keratin, type I cuticular Ha4			345907			
Cont_O76011;Cont_Q14525;Cont_O76009	KRT34_HUMAN;KT33A_HUMAN;KT33B_HUMAN	KRT33A;KRT33B;KRT34	Keratin, type I cuticular Ha3-I			149492			
Cont_O76011;Cont_Q15323;Cont_Q14525;Cont_P02534;Cont_O76009	K1H1_HUMAN;K1M1_SHEEP;KRT34_HUMAN;KT33A_HUMAN;KT33B_HUMAN	KRT31;KRT33A;KRT33B;KRT34	Keratin, type I cuticular Ha3-I			255299			
Cont_O76011;Cont_Q15323;Cont_Q14525;Cont_Q14532;Cont_P02534;Cont_O76013;Cont_O76009	K1H1_HUMAN;K1H2_HUMAN;K1M1_SHEEP;KRT34_HUMAN;KRT36_HUMAN;KT33A_HUMAN;KT33B_HUMAN	KRT31;KRT32;KRT33A;KRT33B;KRT34;KRT36	Keratin, type I cuticular Ha3-I			241019			
Cont_O95678	K2C75_HUMAN	KRT75	Keratin, type II cytoskeletal 75			1.3461e+06			
Cont_O95678;Cont_P02538;Cont_P04259;Cont_Q8BGZ7;Cont_P48668;Cont_P50446	K2C6A_HUMAN;K2C6A_MOUSE;K2C6B_HUMAN;K2C6C_HUMAN;K2C75_HUMAN;K2C75_MOUSE	KRT6A;KRT6B;KRT6C;KRT75;Krt6a;Krt75	Keratin, type II cytoskeletal 75	1.77151e+07	424994	4.72039e+07	2.66667e+07	3.5371e+06	3.78778e+07
Cont_O95678;Cont_P02538;Cont_Q8BGZ7;Cont_P48668;Cont_P50446	K2C6A_HUMAN;K2C6A_MOUSE;K2C6C_HUMAN;K2C75_HUMAN;K2C75_MOUSE	KRT6A;KRT6C;KRT75;Krt6a;Krt75	Keratin, type II cytoskeletal 75	1.86792e+07	9.62729e+06	4.32349e+07	2.76162e+07	1.03515e+07	2.6309e+07
Cont_P00366	DHE3_BOVIN	GLUD1	Glutamate dehydrogenase 1, mitochondrial						666819
Cont_P00761	TRYP_PIG		Trypsin	9.43704e+09	1.50686e+10	1.2811e+10	1.68164e+10	1.58248e+10	8.81374e+09
Cont_P00883;A0A068V3J7;A0A068UAS9	A0A068UAS9_COFCA;A0A068V3J7_COFCA;ALDOA_RABIT	ALDOA;GSCOC_T00020836001;GSCOC_T00043076001	Fructose-bisphosphate aldolase	825449	1.76257e+06	790425	1.89936e+06	1.72833e+06	805428
Cont_P01012	OVAL_CHICK	SERPINB14	Ovalbumin	616081	475518	420165	546191	451759	376947
Cont_P01966	HBA_BOVIN	HBA	Hemoglobin subunit alpha	3.06222e+06	4.86868e+06	2.27562e+06	3.11812e+06	2.8344e+06	2.31985e+06
Cont_P02081	HBBF_BOVIN		Hemoglobin fetal subunit beta	397262	659638	699088	581477	535765	575072
Cont_P02453	CO1A1_BOVIN	COL1A1	Collagen alpha-1(I) chain	13090.3		57482.7		8112.09	8860.29
Cont_P02465	CO1A2_BOVIN	COL1A2	Collagen alpha-2(I) chain	119768	64499	146192	154978	132869	138738
Cont_P02533	K1C14_HUMAN	KRT14	Keratin, type I cytoskeletal 14	3.08747e+07	7.89926e+06	5.0633e+07	2.74627e+07	9.23243e+06	5.33909e+07
Cont_P02533;Cont_P08727	K1C14_HUMAN;K1C19_HUMAN	KRT14;KRT19	Keratin, type I cytoskeletal 14	5.25109e+06	822562	7.74673e+06	1.62115e+06	635819	1.31825e+07
Cont_P02533;Cont_Q04695	K1C14_HUMAN;K1C17_HUMAN	KRT14;KRT17	Keratin, type I cytoskeletal 14	5.19684e+07	9.28663e+06	1.35419e+08	4.30251e+07	1.35501e+07	6.34483e+07
Cont_P02534;Cont_O76013	K1M1_SHEEP;KRT36_HUMAN	KRT36	Keratin, type I cuticular Ha6					76246.2	
Cont_P02538	K2C6A_HUMAN	KRT6A	Keratin, type II cytoskeletal 6A	1.08706e+07	442582	2.67929e+07	9.70036e+06	2.03029e+06	3.0093e+07
Cont_P02538;Cont_P04259;Cont_P48668	K2C6A_HUMAN;K2C6B_HUMAN;K2C6C_HUMAN	KRT6A;KRT6B;KRT6C	Keratin, type II cytoskeletal 6A	1.37304e+07	8.48072e+06	8.37954e+07	3.12954e+07	6.31965e+06	3.07431e+07
Cont_P02538;Cont_P04259;Cont_P48668;Cont_P12035;Cont_P50446	K2C3_HUMAN;K2C6A_HUMAN;K2C6A_MOUSE;K2C6B_HUMAN;K2C6C_HUMAN	KRT3;KRT6A;KRT6B;KRT6C;Krt6a	Keratin, type II cytoskeletal 6A	1.52101e+07	43226.8	3.25509e+07	1.54437e+07	179625	2.60736e+07
Cont_P02538;Cont_P04259;Cont_P48668;Cont_P50446	K2C6A_HUMAN;K2C6A_MOUSE;K2C6B_HUMAN;K2C6C_HUMAN	KRT6A;KRT6B;KRT6C;Krt6a	Keratin, type II cytoskeletal 6A	1.89021e+07		5.40995e+07	1.01495e+06		7.97994e+07
Cont_P02538;Cont_P04259;Cont_P50446	K2C6A_HUMAN;K2C6A_MOUSE;K2C6B_HUMAN	KRT6A;KRT6B;Krt6a	Keratin, type II cytoskeletal 6A	109023		442311	575338	43762	211828
Cont_P02538;Cont_P48668	K2C6A_HUMAN;K2C6C_HUMAN	KRT6A;KRT6C	Keratin, type II cytoskeletal 6A	1.01585e+07	2.02105e+06	2.78127e+07	1.64987e+07	3.71799e+06	1.71771e+07
Cont_P02663	CASA2_BOVIN	CSN1S2	Alpha-S2-casein	109739	55298.4	103870	134759	95928.8	97799.1
Cont_P02754	LACB_BOVIN	LGB	Beta-lactoglobulin	167898		167119	429734	147108	146369
Cont_P02769	ALBU_BOVIN	ALB	Albumin	4.19233e+06	3.96854e+06	7.90222e+06	3.75377e+06	3.73327e+06	6.78499e+06
Cont_P04258	CO3A1_BOVIN	COL3A1	Collagen alpha-1(III) chain	239918	257878	180514	298719	235627	195756
Cont_P04259	K2C6B_HUMAN	KRT6B	Keratin, type II cytoskeletal 6B	4.96533e+06	314306	9.88018e+06	5.71765e+06	1.07539e+06	5.95028e+06
Cont_P04259;Cont_P48668	K2C6B_HUMAN;K2C6C_HUMAN	KRT6B;KRT6C	Keratin, type II cytoskeletal 6B	1.47995e+07		3.29708e+07	3.33948e+06	659520	4.88731e+07
Cont_P04264	K2C1_HUMAN	KRT1	Keratin, type II cytoskeletal 1	8.0397e+08	2.15961e+08	1.73068e+09	9.70643e+08	3.8278e+08	5.23259e+08
Cont_P04264;Cont_P04259	K2C1_HUMAN;K2C6B_HUMAN	KRT1;KRT6B	Keratin, type II cytoskeletal 6B	2.22167e+08	1.54051e+08	3.33769e+08	2.96139e+08	1.53447e+08	1.99666e+08
Cont_P04264;Cont_Q8BGZ7;Cont_Q922U2;Cont_P50446	K2C1_HUMAN;K2C5_MOUSE;K2C6A_MOUSE;K2C75_MOUSE	KRT1;Krt5;Krt6a;Krt75	Keratin, type II cytoskeletal 1	6.69024e+07	1.24121e+06	1.45126e+08	5.81769e+06	4.87381e+06	1.26618e+08
Cont_P04264;Cont_Q922U2	K2C1_HUMAN;K2C5_MOUSE	KRT1;Krt5	Keratin, type II cytoskeletal 1	3.3771e+08	6.81599e+07	6.93316e+08	4.03355e+08	1.35394e+08	5.14705e+08
Cont_P05783	K1C18_HUMAN	KRT18	Keratin, type I cytoskeletal 18	792662	714916	497890	688379	699623	539601
Cont_P05783;Cont_P05784	K1C18_HUMAN;K1C18_MOUSE	KRT18;Krt18	Keratin, type I cytoskeletal 18						260047
Cont_P05783;Cont_P08727;Cont_P05784	K1C18_HUMAN;K1C18_MOUSE;K1C19_HUMAN	KRT18;KRT19;Krt18	Keratin, type I cytoskeletal 18	1.7052e+06	1.19064e+06	1.24604e+06	1.07206e+06	1.08548e+06	1.4891e+06
Cont_P05787;Cont_P02538;Cont_P04259;Cont_Q8BGZ7;Cont_P48668;Cont_P50446	K2C6A_HUMAN;K2C6A_MOUSE;K2C6B_HUMAN;K2C6C_HUMAN;K2C75_MOUSE;K2C8_HUMAN	KRT6A;KRT6B;KRT6C;KRT8;Krt6a;Krt75	Keratin, type II cytoskeletal 6A	9.44146e+06	888190	2.82917e+07	1.56234e+07	3.57376e+06	9.67748e+06
Cont_P08727	K1C19_HUMAN	KRT19	Keratin, type I cytoskeletal 19			7.08202e+06			
Cont_P08779	K1C16_HUMAN	KRT16	Keratin, type I cytoskeletal 16	3.41349e+07	2.85293e+06	6.59517e+07	4.85996e+07	7.31598e+06	5.52813e+07
Cont_P08779;Cont_P02533	K1C14_HUMAN;K1C16_HUMAN	KRT14;KRT16	Keratin, type I cytoskeletal 14	6.75484e+06	1.26607e+06	2.80486e+07	1.10367e+07	1.96923e+06	1.40004e+07
Cont_P08779;Cont_P02533;Cont_Q04695;Cont_P08727;Cont_P19012	K1C14_HUMAN;K1C15_HUMAN;K1C16_HUMAN;K1C17_HUMAN;K1C19_HUMAN	KRT14;KRT15;KRT16;KRT17;KRT19	Keratin, type I cytoskeletal 14	5.14277e+07		8.96954e+07	17028.3		7.01425e+07
Cont_P08779;Cont_P02533;Cont_Q04695;Cont_Q9Z2K1	K1C14_HUMAN;K1C16_HUMAN;K1C16_MOUSE;K1C17_HUMAN	KRT14;KRT16;KRT17;Krt16	Keratin, type I cytoskeletal 14	3.18916e+07	4.22392e+06	8.80182e+07	7.6954e+06	1.47091e+06	1.36797e+08
Cont_P08779;Cont_P02533;Cont_Q9Z2K1	K1C14_HUMAN;K1C16_HUMAN;K1C16_MOUSE	KRT14;KRT16;Krt16	Keratin, type I cytoskeletal 14	3.77261e+07	3.53792e+06	8.13685e+07	6.77448e+07	1.09261e+07	2.46805e+07
Cont_P08779;Cont_P02533;Cont_Q9Z2K1;Cont_O77727	K1C14_HUMAN;K1C15_SHEEP;K1C16_HUMAN;K1C16_MOUSE	KRT14;KRT15;KRT16;Krt16	Keratin, type I cytoskeletal 15	1.85882e+07	2.01892e+06	3.50203e+07	2.28788e+07	4.99464e+06	3.7538e+07
Cont_P08779;Cont_P08727	K1C16_HUMAN;K1C19_HUMAN	KRT16;KRT19	Keratin, type I cytoskeletal 19	4.25789e+06	427340	1.16726e+07	8.9009e+06	634185	1.33242e+06
Cont_P08779;Cont_P13646;Cont_P02533;Cont_P19012;Cont_O77727	K1C13_HUMAN;K1C14_HUMAN;K1C15_HUMAN;K1C15_SHEEP;K1C16_HUMAN	KRT13;KRT14;KRT15;KRT16	Keratin, type I cytoskeletal 15	4.22586e+07	2.23482e+07	6.73426e+07	2.66862e+07	1.43056e+07	2.92483e+07
Cont_P08779;Cont_P13646;Cont_P02533;Cont_Q04695;Cont_P08727;Cont_P19012;Cont_Q9Z2K1	K1C13_HUMAN;K1C14_HUMAN;K1C15_HUMAN;K1C16_HUMAN;K1C16_MOUSE;K1C17_HUMAN;K1C19_HUMAN	KRT13;KRT14;KRT15;KRT16;KRT17;KRT19;Krt16	Keratin, type I cytoskeletal 14	6.66838e+07	7.37493e+06	1.59417e+08	8.8228e+07	1.55169e+07	1.16304e+08
Cont_P08779;Cont_Q9Z2K1	K1C16_HUMAN;K1C16_MOUSE	KRT16;Krt16	Keratin, type I cytoskeletal 16	7.0448e+06	2.80603e+06	1.63182e+07	6.65257e+06	1.56291e+06	9.82922e+06
Cont_P12035;Cont_Q01546	K22O_HUMAN;K2C3_HUMAN	KRT3;KRT76	Keratin, type II cytoskeletal 3	1.32633e+06	1.35356e+06	541592			460331
Cont_P12763	FETUA_BOVIN	AHSG	Alpha-2-HS-glycoprotein	7923.78	13720.7	247397			31942.4
Cont_P13645	K1C10_HUMAN	KRT10	Keratin, type I cytoskeletal 10	7.08766e+07	3.61555e+07	2.25856e+08	7.44518e+07	2.32513e+07	9.76157e+07
Cont_P13645;Cont_O77727	K1C10_HUMAN;K1C15_SHEEP	KRT10;KRT15	Keratin, type I cytoskeletal 15	1.25179e+08	5.56575e+07	3.03383e+08	1.61978e+08	4.30949e+07	1.5259e+08
Cont_P13645;Cont_P02535	K1C10_HUMAN;K1C10_MOUSE	KRT10;Krt10	Keratin, type I cytoskeletal 10	1.81781e+08	6.91732e+07	4.22634e+08	2.51039e+08	7.18252e+07	1.83409e+08
Cont_P13645;Cont_P08779;Cont_P02533;Cont_Q9Z2K1;Cont_P02535	K1C10_HUMAN;K1C10_MOUSE;K1C14_HUMAN;K1C16_HUMAN;K1C16_MOUSE	KRT10;KRT14;KRT16;Krt10;Krt16	Keratin, type I cytoskeletal 14	1.20963e+08	2.78789e+07	2.30257e+08	1.64653e+08	4.9513e+07	9.31308e+06
Cont_P13645;Cont_P08779;Cont_P13646;Cont_P02533;Cont_Q04695;Cont_P05783;Cont_Q15323;Cont_Q14525;Cont_P08727;Cont_Q14532;Cont_P19012;Cont_P02534;Cont_Q9Z2K1;Cont_O77727;Cont_P02535;Cont_O76013;Cont_P05784	K1C10_HUMAN;K1C10_MOUSE;K1C13_HUMAN;K1C14_HUMAN;K1C15_HUMAN;K1C15_SHEEP;K1C16_HUMAN;K1C16_MOUSE;K1C17_HUMAN;K1C18_HUMAN;K1C18_MOUSE;K1C19_HUMAN;K1H1_HUMAN;K1H2_HUMAN;K1M1_SHEEP;KRT36_HUMAN;KT33B_HUMAN	KRT10;KRT13;KRT14;KRT15;KRT16;KRT17;KRT18;KRT19;KRT31;KRT32;KRT33B;KRT36;Krt10;Krt16;Krt18	Keratin, type I cuticular Ha6	2.54812e+08	6.3885e+07	4.82808e+08	2.60381e+08	7.76204e+07	3.13138e+08
Cont_P13645;Cont_P13646;Cont_O77727;Cont_P02535	K1C10_HUMAN;K1C10_MOUSE;K1C13_HUMAN;K1C15_SHEEP	KRT10;KRT13;KRT15;Krt10	Keratin, type I cytoskeletal 15	7.13626e+07	2.62636e+07	1.57731e+08	9.1879e+07	2.67199e+07	7.7193e+07
Cont_P13646;Cont_P02535	K1C10_MOUSE;K1C13_HUMAN	KRT13;Krt10	Keratin, type I cytoskeletal 10		5552.62	9.26443e+06	137268		
Cont_P13646;Cont_P19012	K1C13_HUMAN;K1C15_HUMAN	KRT13;KRT15	Keratin, type I cytoskeletal 13	86172.8		1.64236e+07	1.18343e+06	728697	
Cont_P13646;Cont_P19012;Cont_Q99456	K1C12_HUMAN;K1C13_HUMAN;K1C15_HUMAN	KRT12;KRT13;KRT15	Keratin, type I cytoskeletal 13			6.36579e+06			
Cont_P13647	K2C5_HUMAN	KRT5	Keratin, type II cytoskeletal 5	2.66713e+07	8.13603e+06	6.381e+07	3.95249e+07	1.07114e+07	3.41794e+07
Cont_P13647;Cont_O95678;Cont_P02538;Cont_P04259;Cont_P48668;Cont_Q922U2;Cont_Q6IME9;Cont_P50446	K2C5_HUMAN;K2C5_MOUSE;K2C6A_HUMAN;K2C6A_MOUSE;K2C6B_HUMAN;K2C6C_HUMAN;K2C72_MOUSE;K2C75_HUMAN	KRT5;KRT6A;KRT6B;KRT6C;KRT75;Krt5;Krt6a;Krt72	Keratin, type II cytoskeletal 75	7.1585e+06	1.1526e+06	1.52865e+07	2.22634e+06	648987	2.79491e+07
Cont_P13647;Cont_O95678;Cont_P05787;Cont_P02538;Cont_P04259;Cont_Q8BGZ7;Cont_P48668;Cont_Q922U2;Cont_P12035;Cont_P50446;Cont_Q01546	K22O_HUMAN;K2C3_HUMAN;K2C5_HUMAN;K2C5_MOUSE;K2C6A_HUMAN;K2C6A_MOUSE;K2C6B_HUMAN;K2C6C_HUMAN;K2C75_HUMAN;K2C75_MOUSE;K2C8_HUMAN	KRT3;KRT5;KRT6A;KRT6B;KRT6C;KRT75;KRT76;KRT8;Krt5;Krt6a;Krt75	Keratin, type II cytoskeletal 75	254530		452587	111352		457946
Cont_P13647;Cont_P02538;Cont_P04259;Cont_P48668	K2C5_HUMAN;K2C6A_HUMAN;K2C6B_HUMAN;K2C6C_HUMAN	KRT5;KRT6A;KRT6B;KRT6C	Keratin, type II cytoskeletal 6A	5.57536e+07	7.4018e+06	1.31842e+08	7.48022e+07	1.345e+07	8.02074e+07
Cont_P13647;Cont_P02538;Cont_P48668	K2C5_HUMAN;K2C6A_HUMAN;K2C6C_HUMAN	KRT5;KRT6A;KRT6C	Keratin, type II cytoskeletal 6A	4.51447e+07	4.43265e+06	6.68478e+07	3.43856e+07	9.7684e+06	5.17428e+07
Cont_P13647;Cont_Q922U2	K2C5_HUMAN;K2C5_MOUSE	KRT5;Krt5	Keratin, type II cytoskeletal 5	3.16367e+07	6.55927e+06	5.55315e+07	3.02005e+07	9.01631e+06	2.5465e+07
Cont_P15241;Cont_P78385;Cont_Q14533	K2M2_SHEEP;KRT81_HUMAN;KRT83_HUMAN	KRT81;KRT83	Keratin, type II microfibrillar, component 7C		39553.6	471851		304528	
Cont_P15252	REF_HEVBR		Rubber elongation factor protein	38459.5	49907.8	49208.9		47292.3	
Cont_P19013	K2C4_HUMAN	KRT4	Keratin, type II cytoskeletal 4		824344	1.24067e+07			
Cont_P19013;Cont_P12035	K2C3_HUMAN;K2C4_HUMAN	KRT3;KRT4	Keratin, type II cytoskeletal 3			9.88774e+06	139086		
Cont_P19013;Cont_Q86Y46	K2C4_HUMAN;K2C73_HUMAN	KRT4;KRT73	Keratin, type II cytoskeletal 4			1.05246e+06			
Cont_P19909	SPG2_STRSG	spg	Immunoglobulin G-binding protein G	231737	195522	195086	209074	195071	262530
Cont_P20930	FILA_HUMAN	FLG	Filaggrin	1.90408e+06	1.72919e+06	6.61542e+06	2.76169e+06	1.77421e+06	3.29836e+06
Cont_P22629	SAV_STRAV		Streptavidin	2.18037e+07	1.98148e+07	1.16491e+07	1.96301e+07	1.55353e+07	1.00484e+07
Cont_P25691;Cont_P15241;Cont_P78385;Cont_Q14533	K2M2_SHEEP;K2M3_SHEEP;KRT81_HUMAN;KRT83_HUMAN	KRT81;KRT83	Keratin, type II microfibrillar, component 7C	106428	66510.6	739495	41207.8	905942	105605
Cont_P35527	K1C9_HUMAN	KRT9	Keratin, type I cytoskeletal 9	5.52283e+08	1.36558e+08	8.56968e+08	5.15084e+08	2.49772e+08	5.64341e+08
Cont_P35527;Cont_P13645;Cont_P08779;Cont_P02533;Cont_Q04695;Cont_P08727;Cont_P19012;Cont_P05784;Cont_Q99456	K1C10_HUMAN;K1C12_HUMAN;K1C14_HUMAN;K1C15_HUMAN;K1C16_HUMAN;K1C17_HUMAN;K1C18_MOUSE;K1C19_HUMAN;K1C9_HUMAN	KRT10;KRT12;KRT14;KRT15;KRT16;KRT17;KRT19;KRT9;Krt18	Keratin, type I cytoskeletal 14	6.80879e+08	1.32531e+08	1.17266e+09	7.17973e+08	2.66128e+08	8.62643e+08
Cont_P35908	K22E_HUMAN	KRT2	Keratin, type II cytoskeletal 2 epidermal	4.12886e+07	2.59379e+07	9.02809e+07	4.44033e+07	1.91458e+07	3.33924e+07
Cont_P35908;Cont_P04264	K22E_HUMAN;K2C1_HUMAN	KRT1;KRT2	Keratin, type II cytoskeletal 1	6.61485e+08	1.38869e+08	1.39212e+09	8.67089e+08	3.36769e+08	8.64566e+08
Cont_P35908;Cont_P04264;Cont_P13647;Cont_Q7Z794;Cont_O95678;Cont_P05787;Cont_P02538;Cont_P04259;Cont_Q8BGZ7;Cont_P48668;Cont_Q922U2;Cont_P12035;Cont_Q6IFZ6;Cont_P50446;Cont_Q01546	K22E_HUMAN;K22O_HUMAN;K2C1B_HUMAN;K2C1B_MOUSE;K2C1_HUMAN;K2C3_HUMAN;K2C5_HUMAN;K2C5_MOUSE;K2C6A_HUMAN;K2C6A_MOUSE;K2C6B_HUMAN;K2C6C_HUMAN;K2C75_HUMAN;K2C75_MOUSE;K2C8_HUMAN	KRT1;KRT2;KRT3;KRT5;KRT6A;KRT6B;KRT6C;KRT75;KRT76;KRT77;KRT8;Krt5;Krt6a;Krt75;Krt77	Keratin, type II cytoskeletal 75	6.62073e+07	1.73343e+07	1.23745e+08	8.58746e+07	2.99678e+07	1.01264e+08
Cont_P35908;Cont_P04264;Cont_Q7Z794;Cont_Q6IFZ6	K22E_HUMAN;K2C1B_HUMAN;K2C1B_MOUSE;K2C1_HUMAN	KRT1;KRT2;KRT77;Krt77	Keratin, type II cytoskeletal 1	5.86414e+08	1.08763e+08	8.77321e+08	6.87034e+08	2.42253e+08	4.27045e+08
Cont_P35908;Cont_P12035;Cont_Q01546	K22E_HUMAN;K22O_HUMAN;K2C3_HUMAN	KRT2;KRT3;KRT76	Keratin, type II cytoskeletal 3	1.57494e+07	8.97673e+06	4.53705e+07	1.14821e+07	5.55316e+06	1.45151e+07
Cont_P35908;Cont_P13647;Cont_O95678;Cont_P02538;Cont_P04259;Cont_P48668	K22E_HUMAN;K2C5_HUMAN;K2C6A_HUMAN;K2C6B_HUMAN;K2C6C_HUMAN;K2C75_HUMAN	KRT2;KRT5;KRT6A;KRT6B;KRT6C;KRT75	Keratin, type II cytoskeletal 75	3.52519e+06		9.04944e+06	379650		5.43684e+06
Cont_P35908;Cont_P13647;Cont_O95678;Cont_P02538;Cont_P04259;Cont_Q8BGZ7;Cont_P48668;Cont_Q922U2;Cont_P12035;Cont_P50446;Cont_Q01546	K22E_HUMAN;K22O_HUMAN;K2C3_HUMAN;K2C5_HUMAN;K2C5_MOUSE;K2C6A_HUMAN;K2C6A_MOUSE;K2C6B_HUMAN;K2C6C_HUMAN;K2C75_HUMAN;K2C75_MOUSE	KRT2;KRT3;KRT5;KRT6A;KRT6B;KRT6C;KRT75;KRT76;Krt5;Krt6a;Krt75	Keratin, type II cytoskeletal 75	1.41545e+07	1.14196e+07	1.39335e+07	2.15756e+07	6.80682e+06	6.11141e+06
Cont_P35908;Cont_P19013;Cont_P02538;Cont_P04259;Cont_P48668;Cont_Q01546	K22E_HUMAN;K22O_HUMAN;K2C4_HUMAN;K2C6A_HUMAN;K2C6B_HUMAN;K2C6C_HUMAN	KRT2;KRT4;KRT6A;KRT6B;KRT6C;KRT76	Keratin, type II cytoskeletal 6A	7.2284e+07	1.62911e+07	1.95177e+08	7.80455e+07	2.32123e+07	9.04185e+07
Cont_P35908;Cont_P19013;Cont_P13647;Cont_Q7Z794;Cont_Q9NSB2;Cont_O95678;Cont_P05787;Cont_P02538;Cont_P04259;Cont_Q8BGZ7;Cont_P48668;Cont_Q922U2;Cont_P12035;Cont_Q86Y46;Cont_Q6IFZ6;Cont_Q6IME9;Cont_P50446;Cont_Q01546	K22E_HUMAN;K22O_HUMAN;K2C1B_HUMAN;K2C1B_MOUSE;K2C3_HUMAN;K2C4_HUMAN;K2C5_HUMAN;K2C5_MOUSE;K2C6A_HUMAN;K2C6A_MOUSE;K2C6B_HUMAN;K2C6C_HUMAN;K2C72_MOUSE;K2C73_HUMAN;K2C75_HUMAN;K2C75_MOUSE;K2C8_HUMAN;KRT84_HUMAN	KRT2;KRT3;KRT4;KRT5;KRT6A;KRT6B;KRT6C;KRT73;KRT75;KRT76;KRT77;KRT8;KRT84;Krt5;Krt6a;Krt72;Krt75;Krt77	Keratin, type II cytoskeletal 75	1.66669e+08	3.7584e+07	4.8408e+08	1.1945e+08	3.27133e+07	2.39407e+08
Cont_P35908;Cont_Q8N1N4;Cont_P13647;Cont_O95678;Cont_P02538;Cont_P04259;Cont_Q8BGZ7;Cont_P48668;Cont_Q922U2;Cont_Q86Y46;Cont_P50446;Cont_Q01546	K22E_HUMAN;K22O_HUMAN;K2C5_HUMAN;K2C5_MOUSE;K2C6A_HUMAN;K2C6A_MOUSE;K2C6B_HUMAN;K2C6C_HUMAN;K2C73_HUMAN;K2C75_HUMAN;K2C75_MOUSE;K2C78_HUMAN	KRT2;KRT5;KRT6A;KRT6B;KRT6C;KRT73;KRT75;KRT76;KRT78;Krt5;Krt6a;Krt75	Keratin, type II cytoskeletal 75	6.85333e+06	5.49101e+06	4.88757e+07	1.67452e+07	4.2978e+06	1.7457e+07
Cont_P42212	GFP_AEQVI	GFP	Green fluorescent protein	6.43856e+07	6.37416e+07	4.04744e+07	6.68205e+07	5.79422e+07	4.23295e+07
Cont_P48668	K2C6C_HUMAN	KRT6C	Keratin, type II cytoskeletal 6C	56351.5		264187	202573	46470.3	92034.4
Cont_P60712	ACTB_BOVIN	ACTB	Actin, cytoplasmic 1	1.96423e+06	1.10143e+06	2.27548e+06	2.57619e+06	1.18886e+06	1.58917e+06
Cont_P60712;A0A068USH6;A0A068TXK9;A0A068UEK0	A0A068TXK9_COFCA;A0A068UEK0_COFCA;A0A068USH6_COFCA;ACTB_BOVIN	ACTB;GSCOC_T00023529001;GSCOC_T00029878001;GSCOC_T00033615001	Actin	2.1266e+06	1.44976e+06	2.13529e+06	2.48513e+06	1.84328e+06	2.20776e+06
Cont_P60712;A0A068UW83;A0A068USH6;A0A068TXK9	A0A068TXK9_COFCA;A0A068USH6_COFCA;A0A068UW83_COFCA;ACTB_BOVIN	ACTB;GSCOC_T00029878001;GSCOC_T00033615001;GSCOC_T00037436001	Actin	3.70757e+06	4.03834e+06	5.36986e+06	5.78884e+06	3.60492e+06	3.72004e+06
Cont_P60712;Cont_P68138	ACTB_BOVIN;ACTS_BOVIN	ACTA1;ACTB	Actin, cytoplasmic 1	3.57802e+06	2.29223e+06	5.60862e+06	2.35702e+06	1.80259e+06	3.79345e+06
Cont_P60712;Cont_P68138;A0A068TXK9	A0A068TXK9_COFCA;ACTB_BOVIN;ACTS_BOVIN	ACTA1;ACTB;GSCOC_T00029878001	Actin	1.40352e+06	252425	1.62499e+06	1.89068e+06	1.37802e+06	1.45742e+06
Cont_P60712;Cont_P68138;A0A068USH6;A0A068UEK0	A0A068UEK0_COFCA;A0A068USH6_COFCA;ACTB_BOVIN;ACTS_BOVIN	ACTA1;ACTB;GSCOC_T00023529001;GSCOC_T00033615001	Actin	700943	631756	1.8157e+06	247148		1.6596e+06
Cont_P60712;Cont_P68138;A0A068UW83;A0A068USH6;A0A068TXK9;A0A068TML6;A0A068UEK0	A0A068TML6_COFCA;A0A068TXK9_COFCA;A0A068UEK0_COFCA;A0A068USH6_COFCA;A0A068UW83_COFCA;ACTB_BOVIN;ACTS_BOVIN	ACTA1;ACTB;GSCOC_T00014855001;GSCOC_T00023529001;GSCOC_T00029878001;GSCOC_T00033615001;GSCOC_T00037436001	Actin	2.82502e+06	1.59373e+06	4.51657e+06	1.08174e+06	885721	3.10217e+06
Cont_P60712;Cont_P68138;A0A068UW83;A0A068USH6;A0A068TXK9;A0A068UEK0	A0A068TXK9_COFCA;A0A068UEK0_COFCA;A0A068USH6_COFCA;A0A068UW83_COFCA;ACTB_BOVIN;ACTS_BOVIN	ACTA1;ACTB;GSCOC_T00023529001;GSCOC_T00029878001;GSCOC_T00033615001;GSCOC_T00037436001	Actin	3.02242e+06	4.02621e+06	5.01385e+06	4.78552e+06	3.23909e+06	2.82687e+06
Cont_P62979	RS27A_HUMAN	RPS27A	Ubiquitin-ribosomal protein eS31 fusion protein				2.33583e+06	1.91322e+06	7.76707e+06
Cont_P62979;A0A068TR04	A0A068TR04_COFCA;RS27A_HUMAN	GSCOC_T00025613001;RPS27A	Ubiquitin-like domain-containing protein	1.679e+06	2.22333e+06	1.8157e+06	2.90312e+06	3.44744e+06	5.64414e+06
Cont_P63103	1433Z_BOVIN	YWHAZ	14-3-3 protein zeta/delta	48112.3		181531			312282
Cont_P63103;A0A068TZ12	1433Z_BOVIN;A0A068TZ12_COFCA	GSCOC_T00036581001;YWHAZ	14-3-3 domain-containing protein	766498	1.04414e+06	1.88797e+06	1.46316e+06	1.47836e+06	986099
Cont_P68103	EF1A1_BOVIN	EEF1A1	Elongation factor 1-alpha 1	3.40978e+06	3.47141e+06	6.81262e+06	9.98467e+06	1.88636e+07	2.86634e+07
Cont_P68103;A0A068TQU4	A0A068TQU4_COFCA;EF1A1_BOVIN	EEF1A1;GSCOC_T00022779001	Tr-type G domain-containing protein	469216	409488	904881	669621	781136	610198
Cont_P68138	ACTS_BOVIN	ACTA1	Actin, alpha skeletal muscle	515808	398280	959245	963217	466598	414914
Cont_P78386	KRT85_HUMAN	KRT85	Keratin, type II cuticular Hb5			299364			
Cont_P78386;Cont_P15241;Cont_P78385;Cont_Q14533	K2M2_SHEEP;KRT81_HUMAN;KRT83_HUMAN;KRT85_HUMAN	KRT81;KRT83;KRT85	Keratin, type II microfibrillar, component 7C			32783			
Cont_P78386;Cont_P78385	KRT83_HUMAN;KRT85_HUMAN	KRT83;KRT85	Keratin, type II cuticular Hb3	51746.4		477253		399012	79410.3
Cont_P78386;Cont_P78385;Cont_Q14533	KRT81_HUMAN;KRT83_HUMAN;KRT85_HUMAN	KRT81;KRT83;KRT85	Keratin, type II cuticular Hb3			674832			
Cont_Q04695	K1C17_HUMAN	KRT17	Keratin, type I cytoskeletal 17	6.05732e+06	1.87539e+06	1.45787e+07	7.53613e+06	2.16691e+06	9.17444e+06
Cont_Q04695;Cont_P08727	K1C17_HUMAN;K1C19_HUMAN	KRT17;KRT19	Keratin, type I cytoskeletal 19	4.61829e+06	3.77298e+06	7.69624e+06	5.4874e+06	2.53803e+06	4.79632e+06
Cont_Q14525	KT33B_HUMAN	KRT33B	Keratin, type I cuticular Ha3-II			145765			
Cont_Q14533	KRT81_HUMAN	KRT81	Keratin, type II cuticular Hb1			470093			
Cont_Q15323	K1H1_HUMAN	KRT31	Keratin, type I cuticular Ha1			27823.2			
Cont_Q15323;Cont_O76009	K1H1_HUMAN;KT33A_HUMAN	KRT31;KRT33A	Keratin, type I cuticular Ha3-I			599294			
Cont_Q15323;Cont_P02534	K1H1_HUMAN;K1M1_SHEEP	KRT31	Keratin, type I microfibrillar 48 kDa, component 8C-1	1854.12		16001.9		20191.1	
Cont_Q15323;Cont_P02534;Cont_O76009	K1H1_HUMAN;K1M1_SHEEP;KT33A_HUMAN	KRT31;KRT33A	Keratin, type I cuticular Ha3-I					47407.2	
Cont_Q15323;Cont_Q14525;Cont_O76009	K1H1_HUMAN;KT33A_HUMAN;KT33B_HUMAN	KRT31;KRT33A;KRT33B	Keratin, type I cuticular Ha3-I			339905			
Cont_Q15323;Cont_Q14525;Cont_P02534;Cont_O76009	K1H1_HUMAN;K1M1_SHEEP;KT33A_HUMAN;KT33B_HUMAN	KRT31;KRT33A;KRT33B	Keratin, type I cuticular Ha3-I			549579		1.90618e+06	
Cont_Q15323;Cont_Q14532;Cont_O76009	K1H1_HUMAN;K1H2_HUMAN;KT33A_HUMAN	KRT31;KRT32;KRT33A	Keratin, type I cuticular Ha3-I			491228	20118.8		
Cont_Q1WEI2	Q1WEI2_PSEAI	prpL	Protease IV	115464	122903	226611	576154	1.49045e+06	4.67243e+06
Cont_Q29443	TRFE_BOVIN	TF	Serotransferrin	48630.4		117307	42918.9	72917.7	20781.7
Cont_Q2HJ86	TBA1D_BOVIN	TUBA1D	Tubulin alpha-1D chain	794866	410334	724427	653066	555382	802412
Cont_Q2HJ86;Cont_P81948	TBA1D_BOVIN;TBA4A_BOVIN	TUBA1D;TUBA4A	Tubulin alpha-4A chain	289914	319496	198303	302889	496278	735874
Cont_Q2HJ86;Cont_P81948;A0A068TYG8	A0A068TYG8_COFCA;TBA1D_BOVIN;TBA4A_BOVIN	GSCOC_T00034451001;TUBA1D;TUBA4A	Tubulin alpha chain	372869		550233			395602
Cont_Q2KJD0	TBB5_BOVIN	TUBB5	Tubulin beta-5 chain	650703	620136	1.00946e+06	1.68046e+06	3.31402e+06	1.01834e+07
Cont_Q3SX14	GELS_BOVIN	GSN	Gelsolin	369740	227932	652458	482074	291230	424505
Cont_Q5D862	FILA2_HUMAN	FLG2	Filaggrin-2	1.30995e+06	575839	3.75583e+06	1.9411e+06	806273	2.02555e+06
Cont_Q5E9B1	LDHB_BOVIN	LDHB	L-lactate dehydrogenase B chain	1.31853e+06	1.11275e+06	838680	1.87551e+06	1.14074e+06	1.05472e+06
Cont_Q5KR48	TPM2_BOVIN	TPM2	Tropomyosin beta chain	379839	154387	614186	284567	155232	546393
Cont_Q6E0U4	DMKN_HUMAN	DMKN	Dermokine	388066	241869	1.4223e+06	926434	648209	555305
Cont_Q6KB66	K2C80_HUMAN	KRT80	Keratin, type II cytoskeletal 80	2.73025e+06	388639	5.29794e+06	3.04519e+06	1.03093e+06	3.93584e+06
Cont_Q7Z794	K2C1B_HUMAN	KRT77	Keratin, type II cytoskeletal 1b	400290	133956	504791	368467		491133
Cont_Q7Z794;Cont_Q6IFZ6	K2C1B_HUMAN;K2C1B_MOUSE	KRT77;Krt77	Keratin, type II cytoskeletal 1b	181805		407872	442896		118940
Cont_Q86Y46	K2C73_HUMAN	KRT73	Keratin, type II cytoskeletal 73						123541
Cont_Q86Y46;Cont_Q6IME9	K2C72_MOUSE;K2C73_HUMAN	KRT73;Krt72	Keratin, type II cytoskeletal 72	1.43725e+06	184289	3.2542e+06	2.02704e+06	491318	2.07693e+06
Cont_Q86YZ3	HORN_HUMAN	HRNR	Hornerin	9.55968e+06	4.19023e+06	1.85065e+07	1.74799e+07	7.83095e+06	1.03272e+07
Cont_Q8N1N4	K2C78_HUMAN	KRT78	Keratin, type II cytoskeletal 78	2.28749e+06	452258	5.36921e+06	2.36644e+06	1.00385e+06	2.69372e+06
Cont_Q8N1N4;Cont_P13647;Cont_Q9NSB2;Cont_P25691;Cont_P78386;Cont_O95678;Cont_P15241;Cont_P05787;Cont_P02538;Cont_P04259;Cont_Q8BGZ7;Cont_P48668;Cont_Q922U2;Cont_P12035;Cont_P50446;Cont_P78385;Cont_Q14533;Cont_Q01546	K22O_HUMAN;K2C3_HUMAN;K2C5_HUMAN;K2C5_MOUSE;K2C6A_HUMAN;K2C6A_MOUSE;K2C6B_HUMAN;K2C6C_HUMAN;K2C75_HUMAN;K2C75_MOUSE;K2C78_HUMAN;K2C8_HUMAN;K2M2_SHEEP;K2M3_SHEEP;KRT81_HUMAN;KRT83_HUMAN;KRT84_HUMAN;KRT85_HUMAN	KRT3;KRT5;KRT6A;KRT6B;KRT6C;KRT75;KRT76;KRT78;KRT8;KRT81;KRT83;KRT84;KRT85;Krt5;Krt6a;Krt75	Keratin, type II cytoskeletal 75	6.70165e+07	9.36045e+06	1.58322e+08	9.43606e+07	1.90389e+07	1.28837e+08
Cont_Q8N1N4;Cont_P19013;Cont_P12035;Cont_Q86Y46	K2C3_HUMAN;K2C4_HUMAN;K2C73_HUMAN;K2C78_HUMAN	KRT3;KRT4;KRT73;KRT78	Keratin, type II cytoskeletal 3	625056	126816	4.47398e+06	584114	232434	769060
Cont_Q9C075	K1C23_HUMAN	KRT23	Keratin, type I cytoskeletal 23	252676	85030.5	533368	252385	126646	432102
Cont_Q9C075;Cont_P13646;Cont_O76011;Cont_Q15323;Cont_Q14525;Cont_P02534;Cont_O77727;Cont_O76009	K1C13_HUMAN;K1C15_SHEEP;K1C23_HUMAN;K1H1_HUMAN;K1M1_SHEEP;KRT34_HUMAN;KT33A_HUMAN;KT33B_HUMAN	KRT13;KRT15;KRT23;KRT31;KRT33A;KRT33B;KRT34	Keratin, type I cuticular Ha3-I		296218	1.92043e+07	1.04616e+06	1.18624e+06	
Cont_Q9C075;Cont_Q04695;Cont_Q99PS0	K1C17_HUMAN;K1C23_HUMAN;K1C23_MOUSE	KRT17;KRT23;Krt23	Keratin, type I cytoskeletal 17	1.86962e+06	260838	4.642e+06	6.4713e+06	1.57844e+06	
Cont_Q9NSB2	KRT84_HUMAN	KRT84	Keratin, type II cuticular Hb4			286201			
Cont_Q9NSB2;Cont_P05787	K2C8_HUMAN;KRT84_HUMAN	KRT8;KRT84	Keratin, type II cytoskeletal 8	1.26157e+06	370149	3.131e+06	1.05073e+06	602576	1.77883e+06
Cont_Q9NSB2;Cont_Q01546	K22O_HUMAN;KRT84_HUMAN	KRT76;KRT84	Keratin, type II cytoskeletal 2 oral	1.4721e+07	1.28488e+06	2.51362e+07	1.35816e+07	3.26582e+06	2.11688e+06
Cont_Q9XSJ4	ENOA_BOVIN	ENO1	Alpha-enolase	1.51365e+06	961975	2.78562e+06	3.10592e+06	1.49392e+06	2.86784e+06
G4Y628	G4Y628_COFCA	CPI-4	Cysteine proteinase inhibitor CPI-4	387159	1.24652e+06	438242	1.42941e+06	1.2405e+06	492645
Q1A4H3	Q1A4H3_COFCA	DH3	Dehydrin	110635	129733	92301.8	174945	136693	125177
Q1A524	Q1A524_COFCA	GSCOC_T00037166001	Dehydrin DH1a						27321.7
